irn_id,ucase(route)
375,1
393,1
477,1
493,1
707,1
725,1
770,1
1060,1
1082,1
1601,1
1862,1
2145,1
2404,1
2437,1
2568,1
2672,1
2730,1
2876,1
2900,1
2905,1
3002,1
3034,1
3097,1
3110,1
3203,1
3293,1
3347,1
3375,1
3381,1
3450,1
3514,1
3563,1
3574,1
3712,1
3722,1
4255,1
4295,1
4304,1
4771,1
4781,1
4930,1
4973,1
5120,1
5121,1
5122,1
5129,1
5131,1
5218,1
5276,1
5280,1
5315,1
5341,1
5348,1
5358,1
5379,1
5381,1
5445,1
5534,1
5686,1
5687,1
5694,1
57646,1
57654,1
58091,1
59208,1
59485,1
59930,1
60375,1
60378,1
60546,1
60629,1
60657,1
60760,1
60767,1
60992,1
60993,1
61025,1
61288,1
61299,1
61436,1
61498,1
61581,1
61664,1
61683,1
61886,1
61888,1
61889,1
62032,1
62036,1
62153,1
62192,1
62201,1
62291,1
62599,1
62715,1
62811,1
62815,1
62829,1
62870,1
62954,1
62955,1
63022,1
63044,1
63723,1
64203,1
64204,1
64205,1
64206,1
64427,1
64502,1
64587,1
104324,1
104542,1
104555,1
104556,1
104569,1
104767,1
104816,1
104875,1
104972,1
104983,1
104991,1
104992,1
104993,1
105057,1
105087,1
105090,1
105092,1
105096,1
105097,1
105098,1
105124,1
105129,1
105134,1
105137,1
105190,1
105194,1
105198,1
105213,1
105241,1
105243,1
107214,1
107340,1
107603,1
107604,1
107607,1
107772,1
107776,1
107791,1
107801,1
107802,1
107803,1
107805,1
107806,1
107817,1
107818,1
107819,1
107850,1
107907,1
107908,1
107909,1
107910,1
107918,1
107920,1
107921,1
107922,1
107923,1
107924,1
107925,1
107926,1
107927,1
107928,1
107929,1
107930,1
107931,1
107936,1
107937,1
107995,1
107996,1
107997,1
108023,1
108025,1
108027,1
108028,1
108040,1
108041,1
108042,1
108043,1
108044,1
108045,1
108046,1
108047,1
108048,1
108049,1
108050,1
108052,1
108053,1
108054,1
111646,1
111648,1
111649,1
111650,1
111651,1
111652,1
111918,1
112155,1
132395,1
132396,1
132397,1
132399,1
163991,1
164284,1
164881,1
261300,1
261301,1
261324,1
261329,1
261330,1
277523,1
277566,1
278563,1
110548,10
110549,10
110839,10
110852,10
111684,10
111685,10
111766,10
111769,10
111770,10
111776,10
111777,10
111778,10
118642,10
163685,10
163696,10
163697,10
279790,10
279791,10
279792,10
279793,10
279794,10
279803,10
279804,10
279805,10
279806,10
279807,10
279808,10
279823,10
279824,10
279825,10
279826,10
279827,10
279828,10
279829,10
279830,10
279831,10
279832,10
279833,10
279834,10
489,2
491,2
524,2
532,2
732,2
817,2
1643,2
1860,2
1912,2
1950,2
2142,2
2436,2
2833,2
3865,2
4595,2
4606,2
4647,2
5043,2
5066,2
5701,2
60501,2
60561,2
60566,2
60754,2
60755,2
60802,2
60996,2
61208,2
61513,2
61578,2
61677,2
61678,2
61786,2
61787,2
61819,2
61823,2
61840,2
61935,2
62039,2
62122,2
62146,2
62295,2
62296,2
62297,2
62357,2
62502,2
62557,2
62608,2
62610,2
62686,2
62800,2
62803,2
62888,2
62957,2
100439,2
100446,2
100525,2
101393,2
101478,2
101479,2
101644,2
101645,2
101734,2
101735,2
101798,2
101799,2
101800,2
101801,2
101805,2
101806,2
101807,2
101808,2
101813,2
101816,2
101817,2
101818,2
101819,2
101820,2
101921,2
101922,2
102960,2
103280,2
103326,2
103495,2
103496,2
103497,2
103498,2
103499,2
103500,2
103504,2
103695,2
103697,2
103699,2
103700,2
103701,2
103703,2
103705,2
103706,2
103707,2
103708,2
103709,2
103710,2
103711,2
103712,2
103716,2
103719,2
119277,2
261309,2
261311,2
261312,2
261326,2
261327,2
279837,2
279838,2
279839,2
279840,2
279841,2
279842,2
279843,2
279844,2
279845,2
458,3
767,3
808,3
1045,3
1494,3
1661,3
2122,3
2192,3
2364,3
2461,3
2485,3
2505,3
2932,3
3345,3
3365,3
3594,3
3709,3
5134,3
5229,3
7472,3
7480,3
7711,3
7735,3
7804,3
7805,3
7811,3
8090,3
8109,3
8117,3
8118,3
8310,3
8340,3
8370,3
8383,3
8389,3
8421,3
8428,3
8456,3
8469,3
8669,3
8681,3
8699,3
8720,3
8722,3
8744,3
8769,3
8781,3
8792,3
8814,3
9403,3
9450,3
9611,3
9690,3
9695,3
9700,3
9745,3
9752,3
9753,3
9757,3
9758,3
9934,3
93133,3
93465,3
93491,3
93492,3
93516,3
93517,3
93518,3
93565,3
93566,3
93567,3
93612,3
93674,3
93675,3
93698,3
93801,3
93802,3
93851,3
96035,3
96604,3
96605,3
96607,3
96608,3
96609,3
96852,3
96884,3
97225,3
97395,3
98050,3
98051,3
98054,3
98055,3
98056,3
105400,3
105401,3
105402,3
105595,3
105596,3
105993,3
105994,3
106147,3
106148,3
106149,3
106150,3
106172,3
106501,3
106784,3
106785,3
106824,3
106825,3
106921,3
106932,3
106933,3
106939,3
106940,3
107161,3
107162,3
108980,3
108981,3
108982,3
108983,3
108995,3
108996,3
108997,3
110004,3
110005,3
110006,3
110007,3
110009,3
110010,3
110012,3
110013,3
110014,3
110015,3
112058,3
112102,3
112103,3
112113,3
163857,3
164149,3
164150,3
164151,3
164152,3
164552,3
261287,3
261298,3
265804,3
267663,3
279963,3
279964,3
279966,3
279983,3
372,4
756,4
757,4
803,4
824,4
1061,4
1076,4
1264,4
1698,4
2135,4
2153,4
2190,4
2204,4
2205,4
2782,4
2825,4
2901,4
3434,4
3562,4
3593,4
3734,4
4274,4
4296,4
4318,4
4415,4
4418,4
4419,4
4521,4
4540,4
4559,4
4562,4
4564,4
4565,4
4572,4
4573,4
4574,4
4575,4
4576,4
4577,4
4582,4
4583,4
4602,4
4605,4
4621,4
4624,4
4629,4
4631,4
4632,4
4635,4
4638,4
4820,4
4859,4
4907,4
4949,4
4970,4
4971,4
5016,4
5017,4
5018,4
5026,4
5030,4
5032,4
5035,4
5041,4
5044,4
5072,4
5074,4
5077,4
5078,4
5095,4
5132,4
5209,4
5230,4
5395,4
5409,4
5410,4
5463,4
5481,4
5610,4
5741,4
111663,4
111664,4
111666,4
111667,4
111669,4
111670,4
163786,4
261631,4
261633,4
261634,4
261635,4
261636,4
261640,4
261642,4
261650,4
261652,4
261654,4
261657,4
261658,4
261660,4
261661,4
261665,4
261713,4
261715,4
261716,4
261718,4
261719,4
261721,4
261722,4
261748,4
261750,4
261751,4
262781,4
262802,4
263306,4
263307,4
263308,4
263309,4
263312,4
265822,4
265823,4
279705,4
279706,4
279707,4
7379,5
7407,5
7409,5
7441,5
7463,5
7495,5
7710,5
7721,5
7722,5
7737,5
7767,5
7833,5
8011,5
8045,5
8149,5
8320,5
8680,5
8687,5
8731,5
8791,5
8807,5
9060,5
9319,5
9350,5
9452,5
9464,5
9642,5
9662,5
9676,5
9683,5
9684,5
9693,5
9719,5
9746,5
57180,5
57187,5
57632,5
58278,5
58279,5
58280,5
58736,5
58737,5
59660,5
59904,5
59906,5
60111,5
93425,5
96576,5
96577,5
96580,5
96581,5
96587,5
96588,5
96596,5
96597,5
96817,5
101809,5
101810,5
102520,5
103159,5
103480,5
103481,5
103483,5
103549,5
103551,5
103648,5
103702,5
103704,5
103720,5
103721,5
103887,5
103890,5
103891,5
103892,5
103898,5
103906,5
103909,5
103976,5
103981,5
104010,5
104011,5
104012,5
104060,5
104347,5
104372,5
104479,5
104597,5
104607,5
104614,5
104615,5
104682,5
104924,5
104925,5
104990,5
104994,5
104997,5
104998,5
105000,5
105001,5
105024,5
105099,5
105100,5
105177,5
105180,5
105206,5
105214,5
105215,5
105218,5
105230,5
105231,5
105252,5
105253,5
106826,5
106829,5
106830,5
106831,5
106832,5
106833,5
106837,5
106841,5
106969,5
107066,5
107067,5
107092,5
107093,5
107146,5
107157,5
108934,5
110067,5
110068,5
111895,5
111896,5
111976,5
112143,5
112145,5
112149,5
112222,5
112223,5
112224,5
112225,5
112226,5
112227,5
112228,5
112229,5
112230,5
120570,5
163662,5
163665,5
163667,5
163668,5
163672,5
163674,5
165095,5
260733,5
260734,5
277443,5
279747,5
279748,5
279835,5
279836,5
276971,6
276982,6
276991,6
277035,6
277045,6
277105,6
277106,6
277112,6
7380,7
7383,7
7398,7
7406,7
7410,7
7507,7
7678,7
7708,7
7983,7
8010,7
8020,7
8028,7
8335,7
8468,7
8473,7
8668,7
8678,7
9024,7
9032,7
9368,7
9643,7
9673,7
9790,7
100785,7
100786,7
101037,7
101179,7
101345,7
101361,7
101365,7
101367,7
101462,7
101463,7
101464,7
101465,7
101473,7
101474,7
101512,7
101640,7
101642,7
101646,7
101653,7
101654,7
101655,7
101656,7
101657,7
101658,7
101661,7
101748,7
101754,7
101755,7
101756,7
101757,7
101762,7
101763,7
101764,7
101774,7
101775,7
101776,7
101777,7
101794,7
101795,7
101796,7
101797,7
101802,7
101814,7
101815,7
101822,7
101823,7
101829,7
101873,7
101877,7
101878,7
101879,7
101901,7
101902,7
101906,7
101920,7
101923,7
101924,7
101931,7
101932,7
101933,7
101934,7
101935,7
101936,7
101937,7
101938,7
101958,7
101959,7
101960,7
101961,7
101972,7
101973,7
101974,7
101975,7
101977,7
101983,7
101984,7
101985,7
101986,7
102155,7
102162,7
102666,7
102675,7
102876,7
102877,7
102889,7
102964,7
103008,7
103050,7
103249,7
103251,7
103252,7
103429,7
103447,7
103537,7
103673,7
103674,7
103696,7
103772,7
103793,7
103806,7
103807,7
103822,7
103841,7
103847,7
103858,7
103871,7
103880,7
103923,7
103925,7
103927,7
103930,7
103931,7
103935,7
103936,7
103945,7
103946,7
103947,7
103948,7
103949,7
103960,7
103968,7
103969,7
104005,7
104008,7
104009,7
104034,7
104035,7
106653,7
106670,7
106674,7
106856,7
106857,7
106858,7
106859,7
106860,7
107128,7
107130,7
107131,7
107138,7
107139,7
107140,7
107141,7
107142,7
107143,7
107144,7
107145,7
107147,7
107767,7
107782,7
107786,7
107788,7
107789,7
107790,7
107792,7
108009,7
108010,7
108012,7
108013,7
108073,7
108074,7
108075,7
108948,7
109480,7
109481,7
109497,7
109500,7
109501,7
109830,7
109831,7
111675,7
111676,7
111953,7
111954,7
111955,7
111956,7
111957,7
111961,7
112025,7
112028,7
112082,7
112088,7
112089,7
112090,7
141354,7
163751,7
163765,7
164018,7
164019,7
164624,7
164625,7
164626,7
164628,7
164656,7
164659,7
164660,7
164661,7
164662,7
165412,7
260171,7
260175,7
260699,7
260700,7
260835,7
260839,7
260859,7
260862,7
260863,7
260864,7
260867,7
274623,7
274624,7
274643,7
274644,7
279703,7
279704,7
7499,8
7513,8
7797,8
7800,8
7905,8
7927,8
7934,8
7938,8
7944,8
8111,8
8141,8
8174,8
8237,8
8240,8
8313,8
8341,8
8466,8
8475,8
8537,8
8594,8
8635,8
8770,8
8775,8
8797,8
8798,8
8903,8
8945,8
9053,8
9117,8
9143,8
9149,8
9183,8
9194,8
9223,8
9251,8
9255,8
9258,8
9259,8
9274,8
9289,8
9292,8
9475,8
9496,8
9567,8
9738,8
9800,8
9805,8
9882,8
9903,8
9908,8
9933,8
57387,8
92944,8
93471,8
97212,8
97214,8
109143,8
112019,8
112020,8
112021,8
112022,8
112024,8
112026,8
112029,8
112030,8
112053,8
112054,8
112055,8
112056,8
112057,8
112059,8
112061,8
112068,8
112069,8
112070,8
112078,8
112080,8
112081,8
112105,8
112108,8
112109,8
112110,8
112112,8
112207,8
112210,8
112211,8
112212,8
112214,8
112216,8
112217,8
125034,8
125038,8
130478,8
139114,8
139115,8
139119,8
140075,8
140080,8
140082,8
140083,8
140714,8
140715,8
140716,8
140717,8
140718,8
143010,8
145834,8
145835,8
145836,8
148410,8
148411,8
148412,8
148413,8
148414,8
148415,8
148416,8
148417,8
148418,8
148419,8
148421,8
148422,8
148423,8
148427,8
163979,8
163980,8
163981,8
164139,8
164140,8
164202,8
164203,8
164204,8
164205,8
164278,8
164279,8
164776,8
261289,8
261292,8
261293,8
261295,8
261763,8
261765,8
261773,8
261774,8
279763,8
279764,8
279765,8
279766,8
279767,8
279768,8
279769,8
279770,8
279771,8
279772,8
279773,8
279774,8
279775,8
279776,8
279777,8
279778,8
279779,8
279783,8
279784,8
279785,8
279786,8
279787,8
279788,8
279789,8
56775,9
56779,9
56780,9
56782,9
56941,9
56944,9
56980,9
57058,9
57101,9
57104,9
57120,9
57122,9
57147,9
57382,9
57411,9
57412,9
57440,9
57470,9
57471,9
57554,9
57636,9
57723,9
57724,9
58013,9
58039,9
58041,9
58042,9
58117,9
58265,9
58271,9
58272,9
58314,9
58347,9
58461,9
58490,9
58541,9
58741,9
58776,9
58870,9
58894,9
58895,9
59017,9
59194,9
59240,9
59242,9
59268,9
59303,9
59333,9
59408,9
59434,9
59435,9
59479,9
59654,9
59659,9
59714,9
59715,9
59848,9
59849,9
59850,9
59870,9
59911,9
59916,9
60107,9
60108,9
60144,9
60240,9
60286,9
60308,9
60309,9
60310,9
60340,9
60401,9
60432,9
60458,9
60489,9
60639,9
60732,9
60783,9
60784,9
60791,9
60884,9
60924,9
60930,9
61107,9
61108,9
61109,9
61270,9
61351,9
61382,9
61462,9
61565,9
61734,9
61760,9
61826,9
61875,9
61997,9
62090,9
62229,9
62355,9
62404,9
62420,9
62481,9
62499,9
62698,9
62765,9
62770,9
62779,9
62793,9
62848,9
62993,9
63016,9
63017,9
93086,9
93112,9
93426,9
93551,9
93561,9
93803,9
93804,9
93805,9
93848,9
93852,9
93853,9
93855,9
93856,9
93857,9
93863,9
93964,9
94129,9
94130,9
94180,9
94204,9
94636,9
94706,9
95293,9
95299,9
95306,9
95307,9
95308,9
95309,9
95310,9
95329,9
95333,9
95349,9
95350,9
95356,9
95972,9
95974,9
95976,9
95977,9
95980,9
95981,9
95982,9
95983,9
95984,9
95985,9
95986,9
95987,9
95988,9
96003,9
96004,9
96220,9
96260,9
96263,9
96445,9
96501,9
96555,9
96557,9
96558,9
96559,9
96560,9
96561,9
96562,9
96582,9
96583,9
96584,9
96606,9
96611,9
96612,9
96613,9
96614,9
96615,9
96618,9
96619,9
96622,9
96623,9
96624,9
96625,9
96626,9
96627,9
96632,9
96633,9
96634,9
96635,9
96655,9
96656,9
96657,9
96658,9
96721,9
96722,9
96729,9
96730,9
96745,9
96746,9
96747,9
96748,9
96752,9
96753,9
96754,9
96755,9
96756,9
96757,9
96763,9
96764,9
96765,9
96766,9
96781,9
96782,9
96784,9
96785,9
96791,9
96792,9
96793,9
96794,9
96799,9
96800,9
96802,9
96803,9
96808,9
96809,9
96811,9
96812,9
96815,9
96816,9
96834,9
96845,9
96861,9
96863,9
96873,9
96876,9
96877,9
96879,9
96880,9
96881,9
96883,9
96885,9
96886,9
96888,9
96891,9
96893,9
96902,9
96912,9
96913,9
96917,9
96919,9
96920,9
96926,9
96927,9
96928,9
96930,9
96931,9
96932,9
96936,9
96943,9
96948,9
96949,9
96950,9
96956,9
96957,9
96965,9
96967,9
96968,9
96976,9
96978,9
96980,9
96982,9
96994,9
96995,9
97002,9
97003,9
97026,9
97031,9
97032,9
97045,9
97088,9
97089,9
97095,9
97096,9
97097,9
97098,9
97116,9
97117,9
97118,9
97119,9
97120,9
97121,9
97132,9
97133,9
97134,9
97135,9
97210,9
97211,9
97224,9
97252,9
97255,9
97256,9
97260,9
97261,9
97262,9
97263,9
97271,9
97272,9
97292,9
97304,9
97308,9
97309,9
97332,9
97333,9
98048,9
98049,9
98052,9
109125,9
109126,9
109127,9
109128,9
110531,9
110551,9
110851,9
111732,9
111733,9
111746,9
111748,9
111862,9
111863,9
111898,9
111900,9
111902,9
111904,9
111905,9
112122,9
112209,9
120282,9
121514,9
121515,9
121516,9
145854,9
163838,9
165371,9
165372,9
260220,9
260221,9
260731,9
260732,9
260852,9
261303,9
261306,9
263013,9
263014,9
263015,9
263016,9
263017,9
263122,9
263124,9
263212,9
263262,9
263304,9
263442,9
263443,9
263864,9
263882,9
263962,9
264002,9
264005,9
264083,9
264122,9
264123,9
270743,9
270744,9
270843,9
270844,9
279247,9
279248,9
279249,9
279250,9
279251,9
279252,9
279253,9
279254,9
279255,9
279256,9
279257,9
279258,9
279259,9
279260,9
279261,9
279262,9
279263,9
279264,9
279265,9
279266,9
279267,9
279665,9
279666,9
279667,9
279668,9
279683,9
279708,9
279709,9
279710,9
279711,9
279712,9
279723,9
279724,9
279743,9
279744,9
279883,9
279884,9
279885,9
279886,9
279887,9
279888,9
279903,9
279965,9
1032,"ABERDEEN PRAYA ROAD"
1944,"ABERDEEN PRAYA ROAD"
2173,"ABERDEEN PRAYA ROAD"
2184,"ABERDEEN PRAYA ROAD"
5547,"ABERDEEN PRAYA ROAD"
1673,"ABERDEEN TUNNEL"
4680,"ABERDEEN TUNNEL"
5300,"ABERDEEN TUNNEL"
7563,"AIRPORT ROAD"
7913,"AIRPORT ROAD"
8562,"AIRPORT ROAD"
8604,"AIRPORT ROAD"
8918,"AIRPORT ROAD"
8927,"AIRPORT ROAD"
9237,"AIRPORT ROAD"
9248,"AIRPORT ROAD"
261076,"AIRPORT ROAD"
261077,"AIRPORT ROAD"
9545,"AIRPORT SOUTH INTERCHANGE"
826,"AP LEI CHAU BRIDGE ROAD"
2836,"AP LEI CHAU BRIDGE ROAD"
2898,"AP LEI CHAU BRIDGE ROAD"
3024,"AP LEI CHAU BRIDGE ROAD"
5104,"AP LEI CHAU BRIDGE ROAD"
5106,"AP LEI CHAU BRIDGE ROAD"
5107,"AP LEI CHAU BRIDGE ROAD"
5108,"AP LEI CHAU BRIDGE ROAD"
5241,"AP LEI CHAU BRIDGE ROAD"
5247,"AP LEI CHAU BRIDGE ROAD"
5371,"AP LEI CHAU BRIDGE ROAD"
5796,"AP LEI CHAU BRIDGE ROAD"
102357,"ARGYLE STREET"
102359,"ARGYLE STREET"
102360,"ARGYLE STREET"
107326,"ARGYLE STREET"
107355,"ARGYLE STREET"
107356,"ARGYLE STREET"
107373,"ARGYLE STREET"
107417,"ARGYLE STREET"
107418,"ARGYLE STREET"
107419,"ARGYLE STREET"
107420,"ARGYLE STREET"
107421,"ARGYLE STREET"
107422,"ARGYLE STREET"
107423,"ARGYLE STREET"
107424,"ARGYLE STREET"
107884,"ARGYLE STREET"
107946,"ARGYLE STREET"
107949,"ARGYLE STREET"
108086,"ARGYLE STREET"
108088,"ARGYLE STREET"
108089,"ARGYLE STREET"
108093,"ARGYLE STREET"
108094,"ARGYLE STREET"
110411,"ARGYLE STREET"
271243,"ARGYLE STREET"
273283,"ARGYLE STREET"
273284,"ARGYLE STREET"
260886,"AUSTIN ROAD WEST"
260887,"AUSTIN ROAD WEST"
260891,"AUSTIN ROAD WEST"
4979,"CANAL ROAD EAST"
163853,"CANAL ROAD EAST"
2598,"CANAL ROAD FLYOVER"
5318,"CANAL ROAD FLYOVER"
111647,"CANAL ROAD FLYOVER"
105418,"CANTON ROAD"
105419,"CANTON ROAD"
164124,"CANTON ROAD"
266603,"CANTON ROAD"
93901,"CASTLE PEAK ROAD - CASTLE PEAK BAY"
93913,"CASTLE PEAK ROAD - CASTLE PEAK BAY"
93933,"CASTLE PEAK ROAD - CASTLE PEAK BAY"
94049,"CASTLE PEAK ROAD - CASTLE PEAK BAY"
94179,"CASTLE PEAK ROAD - CASTLE PEAK BAY"
94199,"CASTLE PEAK ROAD - CASTLE PEAK BAY"
94606,"CASTLE PEAK ROAD - CASTLE PEAK BAY"
94643,"CASTLE PEAK ROAD - CASTLE PEAK BAY"
94669,"CASTLE PEAK ROAD - CASTLE PEAK BAY"
94670,"CASTLE PEAK ROAD - CASTLE PEAK BAY"
94671,"CASTLE PEAK ROAD - CASTLE PEAK BAY"
94673,"CASTLE PEAK ROAD - CASTLE PEAK BAY"
94676,"CASTLE PEAK ROAD - CASTLE PEAK BAY"
94692,"CASTLE PEAK ROAD - CASTLE PEAK BAY"
94831,"CASTLE PEAK ROAD - CASTLE PEAK BAY"
94832,"CASTLE PEAK ROAD - CASTLE PEAK BAY"
94833,"CASTLE PEAK ROAD - CASTLE PEAK BAY"
94834,"CASTLE PEAK ROAD - CASTLE PEAK BAY"
94835,"CASTLE PEAK ROAD - CASTLE PEAK BAY"
94836,"CASTLE PEAK ROAD - CASTLE PEAK BAY"
94837,"CASTLE PEAK ROAD - CASTLE PEAK BAY"
94838,"CASTLE PEAK ROAD - CASTLE PEAK BAY"
94839,"CASTLE PEAK ROAD - CASTLE PEAK BAY"
94840,"CASTLE PEAK ROAD - CASTLE PEAK BAY"
94841,"CASTLE PEAK ROAD - CASTLE PEAK BAY"
94842,"CASTLE PEAK ROAD - CASTLE PEAK BAY"
94875,"CASTLE PEAK ROAD - CASTLE PEAK BAY"
94876,"CASTLE PEAK ROAD - CASTLE PEAK BAY"
94878,"CASTLE PEAK ROAD - CASTLE PEAK BAY"
94879,"CASTLE PEAK ROAD - CASTLE PEAK BAY"
94880,"CASTLE PEAK ROAD - CASTLE PEAK BAY"
94881,"CASTLE PEAK ROAD - CASTLE PEAK BAY"
94883,"CASTLE PEAK ROAD - CASTLE PEAK BAY"
95084,"CASTLE PEAK ROAD - CASTLE PEAK BAY"
95144,"CASTLE PEAK ROAD - CASTLE PEAK BAY"
95145,"CASTLE PEAK ROAD - CASTLE PEAK BAY"
95146,"CASTLE PEAK ROAD - CASTLE PEAK BAY"
96078,"CASTLE PEAK ROAD - CASTLE PEAK BAY"
96079,"CASTLE PEAK ROAD - CASTLE PEAK BAY"
96962,"CASTLE PEAK ROAD - CASTLE PEAK BAY"
97001,"CASTLE PEAK ROAD - CASTLE PEAK BAY"
99636,"CASTLE PEAK ROAD - CASTLE PEAK BAY"
163793,"CASTLE PEAK ROAD - CASTLE PEAK BAY"
163794,"CASTLE PEAK ROAD - CASTLE PEAK BAY"
164265,"CASTLE PEAK ROAD - CASTLE PEAK BAY"
260060,"CASTLE PEAK ROAD - CASTLE PEAK BAY"
260061,"CASTLE PEAK ROAD - CASTLE PEAK BAY"
260063,"CASTLE PEAK ROAD - CASTLE PEAK BAY"
260068,"CASTLE PEAK ROAD - CASTLE PEAK BAY"
260071,"CASTLE PEAK ROAD - CASTLE PEAK BAY"
260073,"CASTLE PEAK ROAD - CASTLE PEAK BAY"
267925,"CASTLE PEAK ROAD - CASTLE PEAK BAY"
268003,"CASTLE PEAK ROAD - CASTLE PEAK BAY"
271759,"CASTLE PEAK ROAD - CASTLE PEAK BAY"
271923,"CASTLE PEAK ROAD - CASTLE PEAK BAY"
275523,"CASTLE PEAK ROAD - CASTLE PEAK BAY"
275524,"CASTLE PEAK ROAD - CASTLE PEAK BAY"
275525,"CASTLE PEAK ROAD - CASTLE PEAK BAY"
275526,"CASTLE PEAK ROAD - CASTLE PEAK BAY"
275527,"CASTLE PEAK ROAD - CASTLE PEAK BAY"
275528,"CASTLE PEAK ROAD - CASTLE PEAK BAY"
275529,"CASTLE PEAK ROAD - CASTLE PEAK BAY"
275530,"CASTLE PEAK ROAD - CASTLE PEAK BAY"
275531,"CASTLE PEAK ROAD - CASTLE PEAK BAY"
275532,"CASTLE PEAK ROAD - CASTLE PEAK BAY"
275533,"CASTLE PEAK ROAD - CASTLE PEAK BAY"
93165,"CASTLE PEAK ROAD - CHAU TAU"
93184,"CASTLE PEAK ROAD - CHAU TAU"
93446,"CASTLE PEAK ROAD - CHAU TAU"
96839,"CASTLE PEAK ROAD - CHAU TAU"
96841,"CASTLE PEAK ROAD - CHAU TAU"
110556,"CASTLE PEAK ROAD - CHAU TAU"
110557,"CASTLE PEAK ROAD - CHAU TAU"
110558,"CASTLE PEAK ROAD - CHAU TAU"
110559,"CASTLE PEAK ROAD - CHAU TAU"
110560,"CASTLE PEAK ROAD - CHAU TAU"
110561,"CASTLE PEAK ROAD - CHAU TAU"
110562,"CASTLE PEAK ROAD - CHAU TAU"
110568,"CASTLE PEAK ROAD - CHAU TAU"
110651,"CASTLE PEAK ROAD - CHAU TAU"
110652,"CASTLE PEAK ROAD - CHAU TAU"
110654,"CASTLE PEAK ROAD - CHAU TAU"
110655,"CASTLE PEAK ROAD - CHAU TAU"
110656,"CASTLE PEAK ROAD - CHAU TAU"
110657,"CASTLE PEAK ROAD - CHAU TAU"
143642,"CASTLE PEAK ROAD - CHAU TAU"
164732,"CASTLE PEAK ROAD - CHAU TAU"
164733,"CASTLE PEAK ROAD - CHAU TAU"
164915,"CASTLE PEAK ROAD - CHAU TAU"
164982,"CASTLE PEAK ROAD - CHAU TAU"
164984,"CASTLE PEAK ROAD - CHAU TAU"
260185,"CASTLE PEAK ROAD - CHAU TAU"
260226,"CASTLE PEAK ROAD - CHAU TAU"
272829,"CASTLE PEAK ROAD - CHAU TAU"
272830,"CASTLE PEAK ROAD - CHAU TAU"
276264,"CASTLE PEAK ROAD - CHAU TAU"
276265,"CASTLE PEAK ROAD - CHAU TAU"
276266,"CASTLE PEAK ROAD - CHAU TAU"
276270,"CASTLE PEAK ROAD - CHAU TAU"
276271,"CASTLE PEAK ROAD - CHAU TAU"
276274,"CASTLE PEAK ROAD - CHAU TAU"
276283,"CASTLE PEAK ROAD - CHAU TAU"
276285,"CASTLE PEAK ROAD - CHAU TAU"
276286,"CASTLE PEAK ROAD - CHAU TAU"
276290,"CASTLE PEAK ROAD - CHAU TAU"
276292,"CASTLE PEAK ROAD - CHAU TAU"
276363,"CASTLE PEAK ROAD - CHAU TAU"
276365,"CASTLE PEAK ROAD - CHAU TAU"
279348,"CASTLE PEAK ROAD - CHAU TAU"
279349,"CASTLE PEAK ROAD - CHAU TAU"
94452,"CASTLE PEAK ROAD - HUNG SHUI KIU"
94941,"CASTLE PEAK ROAD - HUNG SHUI KIU"
94942,"CASTLE PEAK ROAD - HUNG SHUI KIU"
94943,"CASTLE PEAK ROAD - HUNG SHUI KIU"
94944,"CASTLE PEAK ROAD - HUNG SHUI KIU"
94945,"CASTLE PEAK ROAD - HUNG SHUI KIU"
94946,"CASTLE PEAK ROAD - HUNG SHUI KIU"
94947,"CASTLE PEAK ROAD - HUNG SHUI KIU"
96295,"CASTLE PEAK ROAD - HUNG SHUI KIU"
96297,"CASTLE PEAK ROAD - HUNG SHUI KIU"
96303,"CASTLE PEAK ROAD - HUNG SHUI KIU"
96478,"CASTLE PEAK ROAD - HUNG SHUI KIU"
96479,"CASTLE PEAK ROAD - HUNG SHUI KIU"
96480,"CASTLE PEAK ROAD - HUNG SHUI KIU"
96483,"CASTLE PEAK ROAD - HUNG SHUI KIU"
96484,"CASTLE PEAK ROAD - HUNG SHUI KIU"
96485,"CASTLE PEAK ROAD - HUNG SHUI KIU"
96487,"CASTLE PEAK ROAD - HUNG SHUI KIU"
96488,"CASTLE PEAK ROAD - HUNG SHUI KIU"
96517,"CASTLE PEAK ROAD - HUNG SHUI KIU"
96518,"CASTLE PEAK ROAD - HUNG SHUI KIU"
96520,"CASTLE PEAK ROAD - HUNG SHUI KIU"
96522,"CASTLE PEAK ROAD - HUNG SHUI KIU"
96524,"CASTLE PEAK ROAD - HUNG SHUI KIU"
96525,"CASTLE PEAK ROAD - HUNG SHUI KIU"
97011,"CASTLE PEAK ROAD - HUNG SHUI KIU"
97070,"CASTLE PEAK ROAD - HUNG SHUI KIU"
97347,"CASTLE PEAK ROAD - HUNG SHUI KIU"
97354,"CASTLE PEAK ROAD - HUNG SHUI KIU"
97358,"CASTLE PEAK ROAD - HUNG SHUI KIU"
97407,"CASTLE PEAK ROAD - HUNG SHUI KIU"
97712,"CASTLE PEAK ROAD - HUNG SHUI KIU"
143275,"CASTLE PEAK ROAD - HUNG SHUI KIU"
265983,"CASTLE PEAK ROAD - HUNG SHUI KIU"
265984,"CASTLE PEAK ROAD - HUNG SHUI KIU"
272603,"CASTLE PEAK ROAD - HUNG SHUI KIU"
7746,"CASTLE PEAK ROAD - KWAI CHUNG"
8359,"CASTLE PEAK ROAD - KWAI CHUNG"
9096,"CASTLE PEAK ROAD - KWAI CHUNG"
56773,"CASTLE PEAK ROAD - KWAI CHUNG"
56924,"CASTLE PEAK ROAD - KWAI CHUNG"
57179,"CASTLE PEAK ROAD - KWAI CHUNG"
57263,"CASTLE PEAK ROAD - KWAI CHUNG"
57305,"CASTLE PEAK ROAD - KWAI CHUNG"
57354,"CASTLE PEAK ROAD - KWAI CHUNG"
57631,"CASTLE PEAK ROAD - KWAI CHUNG"
57736,"CASTLE PEAK ROAD - KWAI CHUNG"
57754,"CASTLE PEAK ROAD - KWAI CHUNG"
57778,"CASTLE PEAK ROAD - KWAI CHUNG"
57791,"CASTLE PEAK ROAD - KWAI CHUNG"
57827,"CASTLE PEAK ROAD - KWAI CHUNG"
57828,"CASTLE PEAK ROAD - KWAI CHUNG"
58075,"CASTLE PEAK ROAD - KWAI CHUNG"
58192,"CASTLE PEAK ROAD - KWAI CHUNG"
58213,"CASTLE PEAK ROAD - KWAI CHUNG"
58738,"CASTLE PEAK ROAD - KWAI CHUNG"
59179,"CASTLE PEAK ROAD - KWAI CHUNG"
59201,"CASTLE PEAK ROAD - KWAI CHUNG"
59474,"CASTLE PEAK ROAD - KWAI CHUNG"
59579,"CASTLE PEAK ROAD - KWAI CHUNG"
60083,"CASTLE PEAK ROAD - KWAI CHUNG"
64827,"CASTLE PEAK ROAD - KWAI CHUNG"
64828,"CASTLE PEAK ROAD - KWAI CHUNG"
64829,"CASTLE PEAK ROAD - KWAI CHUNG"
165218,"CASTLE PEAK ROAD - KWAI CHUNG"
165219,"CASTLE PEAK ROAD - KWAI CHUNG"
165222,"CASTLE PEAK ROAD - KWAI CHUNG"
165228,"CASTLE PEAK ROAD - KWAI CHUNG"
165229,"CASTLE PEAK ROAD - KWAI CHUNG"
279663,"CASTLE PEAK ROAD - KWAI CHUNG"
279664,"CASTLE PEAK ROAD - KWAI CHUNG"
57129,"CASTLE PEAK ROAD - KWU TUNG"
59400,"CASTLE PEAK ROAD - KWU TUNG"
59425,"CASTLE PEAK ROAD - KWU TUNG"
62434,"CASTLE PEAK ROAD - KWU TUNG"
93145,"CASTLE PEAK ROAD - KWU TUNG"
96810,"CASTLE PEAK ROAD - KWU TUNG"
96838,"CASTLE PEAK ROAD - KWU TUNG"
96874,"CASTLE PEAK ROAD - KWU TUNG"
96875,"CASTLE PEAK ROAD - KWU TUNG"
266094,"CASTLE PEAK ROAD - KWU TUNG"
266097,"CASTLE PEAK ROAD - KWU TUNG"
266100,"CASTLE PEAK ROAD - KWU TUNG"
271739,"CASTLE PEAK ROAD - KWU TUNG"
276367,"CASTLE PEAK ROAD - KWU TUNG"
276368,"CASTLE PEAK ROAD - KWU TUNG"
276370,"CASTLE PEAK ROAD - KWU TUNG"
276372,"CASTLE PEAK ROAD - KWU TUNG"
276374,"CASTLE PEAK ROAD - KWU TUNG"
276376,"CASTLE PEAK ROAD - KWU TUNG"
276379,"CASTLE PEAK ROAD - KWU TUNG"
276380,"CASTLE PEAK ROAD - KWU TUNG"
276384,"CASTLE PEAK ROAD - KWU TUNG"
276387,"CASTLE PEAK ROAD - KWU TUNG"
276389,"CASTLE PEAK ROAD - KWU TUNG"
276392,"CASTLE PEAK ROAD - KWU TUNG"
276394,"CASTLE PEAK ROAD - KWU TUNG"
276395,"CASTLE PEAK ROAD - KWU TUNG"
276407,"CASTLE PEAK ROAD - KWU TUNG"
276410,"CASTLE PEAK ROAD - KWU TUNG"
276412,"CASTLE PEAK ROAD - KWU TUNG"
276414,"CASTLE PEAK ROAD - KWU TUNG"
276415,"CASTLE PEAK ROAD - KWU TUNG"
276416,"CASTLE PEAK ROAD - KWU TUNG"
276418,"CASTLE PEAK ROAD - KWU TUNG"
94336,"CASTLE PEAK ROAD - LAM TEI"
94948,"CASTLE PEAK ROAD - LAM TEI"
95284,"CASTLE PEAK ROAD - LAM TEI"
96310,"CASTLE PEAK ROAD - LAM TEI"
96311,"CASTLE PEAK ROAD - LAM TEI"
96312,"CASTLE PEAK ROAD - LAM TEI"
96318,"CASTLE PEAK ROAD - LAM TEI"
96319,"CASTLE PEAK ROAD - LAM TEI"
96324,"CASTLE PEAK ROAD - LAM TEI"
96498,"CASTLE PEAK ROAD - LAM TEI"
96499,"CASTLE PEAK ROAD - LAM TEI"
118030,"CASTLE PEAK ROAD - LAM TEI"
163943,"CASTLE PEAK ROAD - LAM TEI"
265986,"CASTLE PEAK ROAD - LAM TEI"
265987,"CASTLE PEAK ROAD - LAM TEI"
272377,"CASTLE PEAK ROAD - LAM TEI"
272383,"CASTLE PEAK ROAD - LAM TEI"
93573,"CASTLE PEAK ROAD - MAI PO"
93620,"CASTLE PEAK ROAD - MAI PO"
96892,"CASTLE PEAK ROAD - MAI PO"
97748,"CASTLE PEAK ROAD - MAI PO"
261197,"CASTLE PEAK ROAD - MAI PO"
266303,"CASTLE PEAK ROAD - MAI PO"
267883,"CASTLE PEAK ROAD - MAI PO"
276144,"CASTLE PEAK ROAD - MAI PO"
276145,"CASTLE PEAK ROAD - MAI PO"
276147,"CASTLE PEAK ROAD - MAI PO"
276149,"CASTLE PEAK ROAD - MAI PO"
276164,"CASTLE PEAK ROAD - MAI PO"
276167,"CASTLE PEAK ROAD - MAI PO"
276169,"CASTLE PEAK ROAD - MAI PO"
276186,"CASTLE PEAK ROAD - MAI PO"
110679,"CASTLE PEAK ROAD - NEW TAI LAM"
110680,"CASTLE PEAK ROAD - NEW TAI LAM"
93212,"CASTLE PEAK ROAD - NEW TING KAU"
93235,"CASTLE PEAK ROAD - NEW TING KAU"
93459,"CASTLE PEAK ROAD - NEW TING KAU"
165439,"CASTLE PEAK ROAD - NEW TING KAU"
95760,"CASTLE PEAK ROAD - PING SHAN"
95761,"CASTLE PEAK ROAD - PING SHAN"
95874,"CASTLE PEAK ROAD - PING SHAN"
95875,"CASTLE PEAK ROAD - PING SHAN"
95876,"CASTLE PEAK ROAD - PING SHAN"
95877,"CASTLE PEAK ROAD - PING SHAN"
95892,"CASTLE PEAK ROAD - PING SHAN"
96235,"CASTLE PEAK ROAD - PING SHAN"
96247,"CASTLE PEAK ROAD - PING SHAN"
96248,"CASTLE PEAK ROAD - PING SHAN"
96252,"CASTLE PEAK ROAD - PING SHAN"
96253,"CASTLE PEAK ROAD - PING SHAN"
96254,"CASTLE PEAK ROAD - PING SHAN"
96256,"CASTLE PEAK ROAD - PING SHAN"
96270,"CASTLE PEAK ROAD - PING SHAN"
96271,"CASTLE PEAK ROAD - PING SHAN"
96273,"CASTLE PEAK ROAD - PING SHAN"
97153,"CASTLE PEAK ROAD - PING SHAN"
97253,"CASTLE PEAK ROAD - PING SHAN"
97349,"CASTLE PEAK ROAD - PING SHAN"
97352,"CASTLE PEAK ROAD - PING SHAN"
97353,"CASTLE PEAK ROAD - PING SHAN"
272583,"CASTLE PEAK ROAD - PING SHAN"
272584,"CASTLE PEAK ROAD - PING SHAN"
272663,"CASTLE PEAK ROAD - PING SHAN"
272664,"CASTLE PEAK ROAD - PING SHAN"
92939,"CASTLE PEAK ROAD - SAN TIN"
93497,"CASTLE PEAK ROAD - SAN TIN"
93569,"CASTLE PEAK ROAD - SAN TIN"
110650,"CASTLE PEAK ROAD - SAN TIN"
110870,"CASTLE PEAK ROAD - SAN TIN"
165810,"CASTLE PEAK ROAD - SAN TIN"
260010,"CASTLE PEAK ROAD - SAN TIN"
271756,"CASTLE PEAK ROAD - SAN TIN"
271886,"CASTLE PEAK ROAD - SAN TIN"
276188,"CASTLE PEAK ROAD - SAN TIN"
276189,"CASTLE PEAK ROAD - SAN TIN"
276192,"CASTLE PEAK ROAD - SAN TIN"
276197,"CASTLE PEAK ROAD - SAN TIN"
276198,"CASTLE PEAK ROAD - SAN TIN"
276199,"CASTLE PEAK ROAD - SAN TIN"
276203,"CASTLE PEAK ROAD - SAN TIN"
276204,"CASTLE PEAK ROAD - SAN TIN"
276207,"CASTLE PEAK ROAD - SAN TIN"
276210,"CASTLE PEAK ROAD - SAN TIN"
276211,"CASTLE PEAK ROAD - SAN TIN"
276225,"CASTLE PEAK ROAD - SAN TIN"
276244,"CASTLE PEAK ROAD - SAN TIN"
276245,"CASTLE PEAK ROAD - SAN TIN"
276247,"CASTLE PEAK ROAD - SAN TIN"
276250,"CASTLE PEAK ROAD - SAN TIN"
276251,"CASTLE PEAK ROAD - SAN TIN"
93515,"CASTLE PEAK ROAD - SHAM TSENG"
93596,"CASTLE PEAK ROAD - SHAM TSENG"
93631,"CASTLE PEAK ROAD - SHAM TSENG"
93653,"CASTLE PEAK ROAD - SHAM TSENG"
93654,"CASTLE PEAK ROAD - SHAM TSENG"
93655,"CASTLE PEAK ROAD - SHAM TSENG"
93656,"CASTLE PEAK ROAD - SHAM TSENG"
93742,"CASTLE PEAK ROAD - SHAM TSENG"
93743,"CASTLE PEAK ROAD - SHAM TSENG"
93744,"CASTLE PEAK ROAD - SHAM TSENG"
93745,"CASTLE PEAK ROAD - SHAM TSENG"
93746,"CASTLE PEAK ROAD - SHAM TSENG"
93747,"CASTLE PEAK ROAD - SHAM TSENG"
93748,"CASTLE PEAK ROAD - SHAM TSENG"
93749,"CASTLE PEAK ROAD - SHAM TSENG"
93750,"CASTLE PEAK ROAD - SHAM TSENG"
93751,"CASTLE PEAK ROAD - SHAM TSENG"
93752,"CASTLE PEAK ROAD - SHAM TSENG"
93753,"CASTLE PEAK ROAD - SHAM TSENG"
93754,"CASTLE PEAK ROAD - SHAM TSENG"
93777,"CASTLE PEAK ROAD - SHAM TSENG"
93798,"CASTLE PEAK ROAD - SHAM TSENG"
93799,"CASTLE PEAK ROAD - SHAM TSENG"
96620,"CASTLE PEAK ROAD - SHAM TSENG"
96621,"CASTLE PEAK ROAD - SHAM TSENG"
98692,"CASTLE PEAK ROAD - SHAM TSENG"
98693,"CASTLE PEAK ROAD - SHAM TSENG"
110604,"CASTLE PEAK ROAD - SHAM TSENG"
110608,"CASTLE PEAK ROAD - SHAM TSENG"
110612,"CASTLE PEAK ROAD - SHAM TSENG"
110613,"CASTLE PEAK ROAD - SHAM TSENG"
110614,"CASTLE PEAK ROAD - SHAM TSENG"
110615,"CASTLE PEAK ROAD - SHAM TSENG"
110616,"CASTLE PEAK ROAD - SHAM TSENG"
110617,"CASTLE PEAK ROAD - SHAM TSENG"
116022,"CASTLE PEAK ROAD - SHAM TSENG"
116749,"CASTLE PEAK ROAD - SHAM TSENG"
117680,"CASTLE PEAK ROAD - SHAM TSENG"
165434,"CASTLE PEAK ROAD - SHAM TSENG"
94691,"CASTLE PEAK ROAD - SO KWUN WAT"
94919,"CASTLE PEAK ROAD - SO KWUN WAT"
94920,"CASTLE PEAK ROAD - SO KWUN WAT"
94923,"CASTLE PEAK ROAD - SO KWUN WAT"
94924,"CASTLE PEAK ROAD - SO KWUN WAT"
94925,"CASTLE PEAK ROAD - SO KWUN WAT"
94926,"CASTLE PEAK ROAD - SO KWUN WAT"
94927,"CASTLE PEAK ROAD - SO KWUN WAT"
94933,"CASTLE PEAK ROAD - SO KWUN WAT"
95079,"CASTLE PEAK ROAD - SO KWUN WAT"
95082,"CASTLE PEAK ROAD - SO KWUN WAT"
95351,"CASTLE PEAK ROAD - SO KWUN WAT"
95352,"CASTLE PEAK ROAD - SO KWUN WAT"
96630,"CASTLE PEAK ROAD - SO KWUN WAT"
96631,"CASTLE PEAK ROAD - SO KWUN WAT"
97114,"CASTLE PEAK ROAD - SO KWUN WAT"
97115,"CASTLE PEAK ROAD - SO KWUN WAT"
99633,"CASTLE PEAK ROAD - SO KWUN WAT"
108592,"CASTLE PEAK ROAD - SO KWUN WAT"
108595,"CASTLE PEAK ROAD - SO KWUN WAT"
164678,"CASTLE PEAK ROAD - SO KWUN WAT"
267923,"CASTLE PEAK ROAD - SO KWUN WAT"
273449,"CASTLE PEAK ROAD - SO KWUN WAT"
273450,"CASTLE PEAK ROAD - SO KWUN WAT"
94684,"CASTLE PEAK ROAD - TAI LAM"
94685,"CASTLE PEAK ROAD - TAI LAM"
94686,"CASTLE PEAK ROAD - TAI LAM"
94690,"CASTLE PEAK ROAD - TAI LAM"
94697,"CASTLE PEAK ROAD - TAI LAM"
94698,"CASTLE PEAK ROAD - TAI LAM"
94737,"CASTLE PEAK ROAD - TAI LAM"
94741,"CASTLE PEAK ROAD - TAI LAM"
94935,"CASTLE PEAK ROAD - TAI LAM"
94936,"CASTLE PEAK ROAD - TAI LAM"
94937,"CASTLE PEAK ROAD - TAI LAM"
94938,"CASTLE PEAK ROAD - TAI LAM"
94939,"CASTLE PEAK ROAD - TAI LAM"
94940,"CASTLE PEAK ROAD - TAI LAM"
96043,"CASTLE PEAK ROAD - TAI LAM"
96044,"CASTLE PEAK ROAD - TAI LAM"
96047,"CASTLE PEAK ROAD - TAI LAM"
96048,"CASTLE PEAK ROAD - TAI LAM"
96049,"CASTLE PEAK ROAD - TAI LAM"
97393,"CASTLE PEAK ROAD - TAI LAM"
165436,"CASTLE PEAK ROAD - TAI LAM"
165437,"CASTLE PEAK ROAD - TAI LAM"
272643,"CASTLE PEAK ROAD - TAI LAM"
272644,"CASTLE PEAK ROAD - TAI LAM"
272645,"CASTLE PEAK ROAD - TAI LAM"
272646,"CASTLE PEAK ROAD - TAI LAM"
272743,"CASTLE PEAK ROAD - TAI LAM"
272744,"CASTLE PEAK ROAD - TAI LAM"
272745,"CASTLE PEAK ROAD - TAI LAM"
272746,"CASTLE PEAK ROAD - TAI LAM"
279190,"CASTLE PEAK ROAD - TAI LAM"
279191,"CASTLE PEAK ROAD - TAI LAM"
93484,"CASTLE PEAK ROAD - TAM MI"
93487,"CASTLE PEAK ROAD - TAM MI"
93537,"CASTLE PEAK ROAD - TAM MI"
93540,"CASTLE PEAK ROAD - TAM MI"
93541,"CASTLE PEAK ROAD - TAM MI"
93542,"CASTLE PEAK ROAD - TAM MI"
93544,"CASTLE PEAK ROAD - TAM MI"
93546,"CASTLE PEAK ROAD - TAM MI"
93553,"CASTLE PEAK ROAD - TAM MI"
93556,"CASTLE PEAK ROAD - TAM MI"
93641,"CASTLE PEAK ROAD - TAM MI"
93781,"CASTLE PEAK ROAD - TAM MI"
93783,"CASTLE PEAK ROAD - TAM MI"
93789,"CASTLE PEAK ROAD - TAM MI"
93791,"CASTLE PEAK ROAD - TAM MI"
93792,"CASTLE PEAK ROAD - TAM MI"
93849,"CASTLE PEAK ROAD - TAM MI"
93858,"CASTLE PEAK ROAD - TAM MI"
93859,"CASTLE PEAK ROAD - TAM MI"
93876,"CASTLE PEAK ROAD - TAM MI"
93877,"CASTLE PEAK ROAD - TAM MI"
96786,"CASTLE PEAK ROAD - TAM MI"
96787,"CASTLE PEAK ROAD - TAM MI"
96801,"CASTLE PEAK ROAD - TAM MI"
96878,"CASTLE PEAK ROAD - TAM MI"
96910,"CASTLE PEAK ROAD - TAM MI"
96933,"CASTLE PEAK ROAD - TAM MI"
96934,"CASTLE PEAK ROAD - TAM MI"
96938,"CASTLE PEAK ROAD - TAM MI"
97288,"CASTLE PEAK ROAD - TAM MI"
97289,"CASTLE PEAK ROAD - TAM MI"
97321,"CASTLE PEAK ROAD - TAM MI"
97322,"CASTLE PEAK ROAD - TAM MI"
97753,"CASTLE PEAK ROAD - TAM MI"
97755,"CASTLE PEAK ROAD - TAM MI"
163754,"CASTLE PEAK ROAD - TAM MI"
165384,"CASTLE PEAK ROAD - TAM MI"
165432,"CASTLE PEAK ROAD - TAM MI"
165526,"CASTLE PEAK ROAD - TAM MI"
272823,"CASTLE PEAK ROAD - TAM MI"
275963,"CASTLE PEAK ROAD - TAM MI"
276076,"CASTLE PEAK ROAD - TAM MI"
276078,"CASTLE PEAK ROAD - TAM MI"
276079,"CASTLE PEAK ROAD - TAM MI"
276082,"CASTLE PEAK ROAD - TAM MI"
276083,"CASTLE PEAK ROAD - TAM MI"
276086,"CASTLE PEAK ROAD - TAM MI"
276087,"CASTLE PEAK ROAD - TAM MI"
276090,"CASTLE PEAK ROAD - TAM MI"
276091,"CASTLE PEAK ROAD - TAM MI"
276093,"CASTLE PEAK ROAD - TAM MI"
276096,"CASTLE PEAK ROAD - TAM MI"
276098,"CASTLE PEAK ROAD - TAM MI"
276101,"CASTLE PEAK ROAD - TAM MI"
276104,"CASTLE PEAK ROAD - TAM MI"
276105,"CASTLE PEAK ROAD - TAM MI"
276123,"CASTLE PEAK ROAD - TAM MI"
276124,"CASTLE PEAK ROAD - TAM MI"
276125,"CASTLE PEAK ROAD - TAM MI"
276128,"CASTLE PEAK ROAD - TAM MI"
276129,"CASTLE PEAK ROAD - TAM MI"
276132,"CASTLE PEAK ROAD - TAM MI"
93208,"CASTLE PEAK ROAD - TING KAU"
93296,"CASTLE PEAK ROAD - TING KAU"
93297,"CASTLE PEAK ROAD - TING KAU"
93298,"CASTLE PEAK ROAD - TING KAU"
93423,"CASTLE PEAK ROAD - TING KAU"
93424,"CASTLE PEAK ROAD - TING KAU"
96547,"CASTLE PEAK ROAD - TING KAU"
96550,"CASTLE PEAK ROAD - TING KAU"
96551,"CASTLE PEAK ROAD - TING KAU"
110575,"CASTLE PEAK ROAD - TING KAU"
110579,"CASTLE PEAK ROAD - TING KAU"
110580,"CASTLE PEAK ROAD - TING KAU"
110581,"CASTLE PEAK ROAD - TING KAU"
110584,"CASTLE PEAK ROAD - TING KAU"
110589,"CASTLE PEAK ROAD - TING KAU"
110591,"CASTLE PEAK ROAD - TING KAU"
110592,"CASTLE PEAK ROAD - TING KAU"
110596,"CASTLE PEAK ROAD - TING KAU"
110597,"CASTLE PEAK ROAD - TING KAU"
110598,"CASTLE PEAK ROAD - TING KAU"
110602,"CASTLE PEAK ROAD - TING KAU"
110603,"CASTLE PEAK ROAD - TING KAU"
110605,"CASTLE PEAK ROAD - TING KAU"
93695,"CASTLE PEAK ROAD - TSING LUNG TAU"
95279,"CASTLE PEAK ROAD - TSING LUNG TAU"
97087,"CASTLE PEAK ROAD - TSING LUNG TAU"
110667,"CASTLE PEAK ROAD - TSING LUNG TAU"
110668,"CASTLE PEAK ROAD - TSING LUNG TAU"
110670,"CASTLE PEAK ROAD - TSING LUNG TAU"
110687,"CASTLE PEAK ROAD - TSING LUNG TAU"
110688,"CASTLE PEAK ROAD - TSING LUNG TAU"
110689,"CASTLE PEAK ROAD - TSING LUNG TAU"
110690,"CASTLE PEAK ROAD - TSING LUNG TAU"
110691,"CASTLE PEAK ROAD - TSING LUNG TAU"
110707,"CASTLE PEAK ROAD - TSING LUNG TAU"
110708,"CASTLE PEAK ROAD - TSING LUNG TAU"
110710,"CASTLE PEAK ROAD - TSING LUNG TAU"
110711,"CASTLE PEAK ROAD - TSING LUNG TAU"
110712,"CASTLE PEAK ROAD - TSING LUNG TAU"
110713,"CASTLE PEAK ROAD - TSING LUNG TAU"
110714,"CASTLE PEAK ROAD - TSING LUNG TAU"
110715,"CASTLE PEAK ROAD - TSING LUNG TAU"
110716,"CASTLE PEAK ROAD - TSING LUNG TAU"
110717,"CASTLE PEAK ROAD - TSING LUNG TAU"
110718,"CASTLE PEAK ROAD - TSING LUNG TAU"
110719,"CASTLE PEAK ROAD - TSING LUNG TAU"
110742,"CASTLE PEAK ROAD - TSING LUNG TAU"
110743,"CASTLE PEAK ROAD - TSING LUNG TAU"
110745,"CASTLE PEAK ROAD - TSING LUNG TAU"
110746,"CASTLE PEAK ROAD - TSING LUNG TAU"
110747,"CASTLE PEAK ROAD - TSING LUNG TAU"
110748,"CASTLE PEAK ROAD - TSING LUNG TAU"
110749,"CASTLE PEAK ROAD - TSING LUNG TAU"
110750,"CASTLE PEAK ROAD - TSING LUNG TAU"
110752,"CASTLE PEAK ROAD - TSING LUNG TAU"
110753,"CASTLE PEAK ROAD - TSING LUNG TAU"
110754,"CASTLE PEAK ROAD - TSING LUNG TAU"
110874,"CASTLE PEAK ROAD - TSING LUNG TAU"
110878,"CASTLE PEAK ROAD - TSING LUNG TAU"
110879,"CASTLE PEAK ROAD - TSING LUNG TAU"
110883,"CASTLE PEAK ROAD - TSING LUNG TAU"
110884,"CASTLE PEAK ROAD - TSING LUNG TAU"
110889,"CASTLE PEAK ROAD - TSING LUNG TAU"
110892,"CASTLE PEAK ROAD - TSING LUNG TAU"
110893,"CASTLE PEAK ROAD - TSING LUNG TAU"
122159,"CASTLE PEAK ROAD - TSING LUNG TAU"
122161,"CASTLE PEAK ROAD - TSING LUNG TAU"
165435,"CASTLE PEAK ROAD - TSING LUNG TAU"
272870,"CASTLE PEAK ROAD - TSING LUNG TAU"
273046,"CASTLE PEAK ROAD - TSING LUNG TAU"
273047,"CASTLE PEAK ROAD - TSING LUNG TAU"
56883,"CASTLE PEAK ROAD - TSUEN WAN"
58623,"CASTLE PEAK ROAD - TSUEN WAN"
59112,"CASTLE PEAK ROAD - TSUEN WAN"
59550,"CASTLE PEAK ROAD - TSUEN WAN"
59630,"CASTLE PEAK ROAD - TSUEN WAN"
60028,"CASTLE PEAK ROAD - TSUEN WAN"
60085,"CASTLE PEAK ROAD - TSUEN WAN"
60103,"CASTLE PEAK ROAD - TSUEN WAN"
64271,"CASTLE PEAK ROAD - TSUEN WAN"
93580,"CASTLE PEAK ROAD - YUEN LONG"
93590,"CASTLE PEAK ROAD - YUEN LONG"
96390,"CASTLE PEAK ROAD - YUEN LONG"
96887,"CASTLE PEAK ROAD - YUEN LONG"
97193,"CASTLE PEAK ROAD - YUEN LONG"
97198,"CASTLE PEAK ROAD - YUEN LONG"
165438,"CASTLE PEAK ROAD - YUEN LONG"
105209,"CHATHAM ROAD NORTH"
105211,"CHATHAM ROAD NORTH"
260735,"CHATHAM ROAD NORTH"
57207,"CHE KUNG MIU ROAD"
57663,"CHE KUNG MIU ROAD"
57689,"CHE KUNG MIU ROAD"
58561,"CHE KUNG MIU ROAD"
58563,"CHE KUNG MIU ROAD"
59038,"CHE KUNG MIU ROAD"
59041,"CHE KUNG MIU ROAD"
59042,"CHE KUNG MIU ROAD"
112017,"CHE KUNG MIU ROAD"
112060,"CHE KUNG MIU ROAD"
261050,"CHEK LAP KOK ROAD"
261052,"CHEK LAP KOK ROAD"
261053,"CHEK LAP KOK ROAD"
261054,"CHEK LAP KOK ROAD"
261055,"CHEK LAP KOK ROAD"
261056,"CHEK LAP KOK ROAD"
261061,"CHEK LAP KOK ROAD"
261200,"CHEK LAP KOK ROAD"
261202,"CHEK LAP KOK ROAD"
261203,"CHEK LAP KOK ROAD"
261799,"CHEK LAP KOK ROAD"
261800,"CHEK LAP KOK ROAD"
261805,"CHEK LAP KOK ROAD"
261806,"CHEK LAP KOK ROAD"
261807,"CHEK LAP KOK ROAD"
261808,"CHEK LAP KOK ROAD"
261809,"CHEK LAP KOK ROAD"
261810,"CHEK LAP KOK ROAD"
261811,"CHEK LAP KOK ROAD"
261812,"CHEK LAP KOK ROAD"
261817,"CHEK LAP KOK ROAD"
261829,"CHEK LAP KOK ROAD"
261837,"CHEK LAP KOK ROAD"
261838,"CHEK LAP KOK ROAD"
267323,"CHEK LAP KOK ROAD"
8821,"CHEONG HONG ROAD"
261078,"CHEONG HONG ROAD"
9161,"CHEONG LIN ROAD"
9180,"CHEONG LIN ROAD"
9860,"CHEONG LIN ROAD"
8746,"CHEUNG TSING HIGHWAY"
107136,"CHING CHEUNG ROAD"
103033,"CHOI HUNG INTERCHANGE"
103041,"CHOI HUNG INTERCHANGE"
103506,"CHOI HUNG INTERCHANGE"
103507,"CHOI HUNG INTERCHANGE"
103718,"CHOI HUNG INTERCHANGE"
103869,"CHOI HUNG INTERCHANGE"
103876,"CHOI HUNG INTERCHANGE"
270803,"CHOI HUNG INTERCHANGE"
100603,"CHUI LING ROAD"
164946,"CHUI LING ROAD"
278223,"CHUI LING ROAD"
278224,"CHUI LING ROAD"
100180,"CLEAR WATER BAY ROAD"
100181,"CLEAR WATER BAY ROAD"
100182,"CLEAR WATER BAY ROAD"
100541,"CLEAR WATER BAY ROAD"
100544,"CLEAR WATER BAY ROAD"
100545,"CLEAR WATER BAY ROAD"
100547,"CLEAR WATER BAY ROAD"
100548,"CLEAR WATER BAY ROAD"
100550,"CLEAR WATER BAY ROAD"
100552,"CLEAR WATER BAY ROAD"
100555,"CLEAR WATER BAY ROAD"
100556,"CLEAR WATER BAY ROAD"
100561,"CLEAR WATER BAY ROAD"
100836,"CLEAR WATER BAY ROAD"
100839,"CLEAR WATER BAY ROAD"
100841,"CLEAR WATER BAY ROAD"
100847,"CLEAR WATER BAY ROAD"
100849,"CLEAR WATER BAY ROAD"
100856,"CLEAR WATER BAY ROAD"
100858,"CLEAR WATER BAY ROAD"
100870,"CLEAR WATER BAY ROAD"
101309,"CLEAR WATER BAY ROAD"
101312,"CLEAR WATER BAY ROAD"
101325,"CLEAR WATER BAY ROAD"
101326,"CLEAR WATER BAY ROAD"
101327,"CLEAR WATER BAY ROAD"
101699,"CLEAR WATER BAY ROAD"
101700,"CLEAR WATER BAY ROAD"
101701,"CLEAR WATER BAY ROAD"
101702,"CLEAR WATER BAY ROAD"
101703,"CLEAR WATER BAY ROAD"
101704,"CLEAR WATER BAY ROAD"
101705,"CLEAR WATER BAY ROAD"
101834,"CLEAR WATER BAY ROAD"
101835,"CLEAR WATER BAY ROAD"
101867,"CLEAR WATER BAY ROAD"
101899,"CLEAR WATER BAY ROAD"
102170,"CLEAR WATER BAY ROAD"
102171,"CLEAR WATER BAY ROAD"
103031,"CLEAR WATER BAY ROAD"
103039,"CLEAR WATER BAY ROAD"
103040,"CLEAR WATER BAY ROAD"
103247,"CLEAR WATER BAY ROAD"
103248,"CLEAR WATER BAY ROAD"
103427,"CLEAR WATER BAY ROAD"
103875,"CLEAR WATER BAY ROAD"
103879,"CLEAR WATER BAY ROAD"
103933,"CLEAR WATER BAY ROAD"
146173,"CLEAR WATER BAY ROAD"
146174,"CLEAR WATER BAY ROAD"
164021,"CLEAR WATER BAY ROAD"
164022,"CLEAR WATER BAY ROAD"
164023,"CLEAR WATER BAY ROAD"
164026,"CLEAR WATER BAY ROAD"
260133,"CLEAR WATER BAY ROAD"
260135,"CLEAR WATER BAY ROAD"
271944,"CLEAR WATER BAY ROAD"
271963,"CLEAR WATER BAY ROAD"
274323,"CLEAR WATER BAY ROAD"
274343,"CLEAR WATER BAY ROAD"
274483,"CLEAR WATER BAY ROAD"
274484,"CLEAR WATER BAY ROAD"
612,"CONNAUGHT ROAD CENTRAL"
712,"CONNAUGHT ROAD CENTRAL"
766,"CONNAUGHT ROAD CENTRAL"
1063,"CONNAUGHT ROAD CENTRAL"
1218,"CONNAUGHT ROAD CENTRAL"
1301,"CONNAUGHT ROAD CENTRAL"
1382,"CONNAUGHT ROAD CENTRAL"
1824,"CONNAUGHT ROAD CENTRAL"
2062,"CONNAUGHT ROAD CENTRAL"
2193,"CONNAUGHT ROAD CENTRAL"
2510,"CONNAUGHT ROAD CENTRAL"
2875,"CONNAUGHT ROAD CENTRAL"
3235,"CONNAUGHT ROAD CENTRAL"
3268,"CONNAUGHT ROAD CENTRAL"
3916,"CONNAUGHT ROAD CENTRAL"
4164,"CONNAUGHT ROAD CENTRAL"
4280,"CONNAUGHT ROAD CENTRAL"
164681,"CONNAUGHT ROAD CENTRAL"
164690,"CONNAUGHT ROAD CENTRAL"
261761,"CONNAUGHT ROAD CENTRAL"
140,"COTTON TREE DRIVE"
196,"COTTON TREE DRIVE"
303,"COTTON TREE DRIVE"
518,"COTTON TREE DRIVE"
5523,"COTTON TREE DRIVE"
171,"DEEP WATER BAY ROAD"
4336,"DEEP WATER BAY ROAD"
4337,"DEEP WATER BAY ROAD"
4712,"DEEP WATER BAY ROAD"
5650,"DEEP WATER BAY ROAD"
275784,"DEEP WATER BAY ROAD"
275785,"DEEP WATER BAY ROAD"
275790,"DEEP WATER BAY ROAD"
276050,"DEEP WATER BAY ROAD"
276051,"DEEP WATER BAY ROAD"
276054,"DEEP WATER BAY ROAD"
58752,"FAN KAM ROAD"
59458,"FAN KAM ROAD"
59772,"FAN KAM ROAD"
60338,"FANLING HIGHWAY"
60744,"FANLING HIGHWAY"
105543,"FERRY STREET"
106709,"FERRY STREET"
106881,"FERRY STREET"
107158,"FERRY STREET"
96783,"FLYOVER ( CASTLE PEAK ROAD - TAM MI )"
262782,"FLYOVER ( CONNAUGHT ROAD CENTRAL / CONNAUGHT ROAD WEST )"
1695,"FLYOVER ( HILL ROAD )"
3578,"FLYOVER ( HILL ROAD )"
106789,"FLYOVER ( KOWLOON PARK DRIVE )"
106792,"FLYOVER ( KOWLOON PARK DRIVE )"
106793,"FLYOVER ( KOWLOON PARK DRIVE )"
107182,"FLYOVER ( KOWLOON PARK DRIVE )"
107183,"FLYOVER ( KOWLOON PARK DRIVE )"
95968,"FLYOVER ( LONG TIN ROAD )"
95971,"FLYOVER ( LONG TIN ROAD )"
97124,"FLYOVER ( LONG TIN ROAD )"
97125,"FLYOVER ( LONG TIN ROAD )"
103655,"FLYOVER ( MA TAU CHUNG ROAD )"
3612,"FLYOVER ( WONG NAI CHUNG GAP ROAD )"
6194,"FLYOVER ( WONG NAI CHUNG GAP ROAD )"
60893,"FUK MAN ROAD"
61128,"FUK MAN ROAD"
62883,"FUK MAN ROAD"
275886,"FUK MAN ROAD"
275887,"FUK MAN ROAD"
106710,"GASCOIGNE ROAD FLYOVER"
126,"GLOUCESTER ROAD"
835,"GLOUCESTER ROAD"
1678,"GLOUCESTER ROAD"
2758,"GLOUCESTER ROAD"
2879,"GLOUCESTER ROAD"
3527,"GLOUCESTER ROAD"
3535,"GLOUCESTER ROAD"
3557,"GLOUCESTER ROAD"
3724,"GLOUCESTER ROAD"
3836,"GLOUCESTER ROAD"
3885,"GLOUCESTER ROAD"
4294,"GLOUCESTER ROAD"
4301,"GLOUCESTER ROAD"
4348,"GLOUCESTER ROAD"
4732,"GLOUCESTER ROAD"
4735,"GLOUCESTER ROAD"
4739,"GLOUCESTER ROAD"
4950,"GLOUCESTER ROAD"
5135,"GLOUCESTER ROAD"
5242,"GLOUCESTER ROAD"
5243,"GLOUCESTER ROAD"
5319,"GLOUCESTER ROAD"
5707,"GLOUCESTER ROAD"
64906,"GLOUCESTER ROAD"
64918,"GLOUCESTER ROAD"
64919,"GLOUCESTER ROAD"
64920,"GLOUCESTER ROAD"
64921,"GLOUCESTER ROAD"
64922,"GLOUCESTER ROAD"
112220,"GLOUCESTER ROAD"
120266,"GLOUCESTER ROAD"
120267,"GLOUCESTER ROAD"
127914,"GLOUCESTER ROAD"
163767,"GLOUCESTER ROAD"
163777,"GLOUCESTER ROAD"
260332,"GLOUCESTER ROAD"
451,"HARCOURT ROAD"
1048,"HARCOURT ROAD"
1337,"HARCOURT ROAD"
1828,"HARCOURT ROAD"
1875,"HARCOURT ROAD"
2161,"HARCOURT ROAD"
2374,"HARCOURT ROAD"
2880,"HARCOURT ROAD"
3169,"HARCOURT ROAD"
3487,"HARCOURT ROAD"
3540,"HARCOURT ROAD"
3889,"HARCOURT ROAD"
3904,"HARCOURT ROAD"
4060,"HARCOURT ROAD"
5009,"HARCOURT ROAD"
5010,"HARCOURT ROAD"
5245,"HARCOURT ROAD"
5297,"HARCOURT ROAD"
263001,"HEUNG YUEN WAI HIGHWAY"
263002,"HEUNG YUEN WAI HIGHWAY"
263003,"HEUNG YUEN WAI HIGHWAY"
263005,"HEUNG YUEN WAI HIGHWAY"
263006,"HEUNG YUEN WAI HIGHWAY"
263007,"HEUNG YUEN WAI HIGHWAY"
263008,"HEUNG YUEN WAI HIGHWAY"
263009,"HEUNG YUEN WAI HIGHWAY"
263010,"HEUNG YUEN WAI HIGHWAY"
263012,"HEUNG YUEN WAI HIGHWAY"
263019,"HEUNG YUEN WAI HIGHWAY"
263020,"HEUNG YUEN WAI HIGHWAY"
263021,"HEUNG YUEN WAI HIGHWAY"
263022,"HEUNG YUEN WAI HIGHWAY"
263023,"HEUNG YUEN WAI HIGHWAY"
263024,"HEUNG YUEN WAI HIGHWAY"
263025,"HEUNG YUEN WAI HIGHWAY"
263026,"HEUNG YUEN WAI HIGHWAY"
263029,"HEUNG YUEN WAI HIGHWAY"
263030,"HEUNG YUEN WAI HIGHWAY"
263158,"HEUNG YUEN WAI HIGHWAY"
263159,"HEUNG YUEN WAI HIGHWAY"
263160,"HEUNG YUEN WAI HIGHWAY"
263161,"HEUNG YUEN WAI HIGHWAY"
263170,"HEUNG YUEN WAI HIGHWAY"
263179,"HEUNG YUEN WAI HIGHWAY"
263180,"HEUNG YUEN WAI HIGHWAY"
263181,"HEUNG YUEN WAI HIGHWAY"
263182,"HEUNG YUEN WAI HIGHWAY"
263191,"HEUNG YUEN WAI HIGHWAY"
263192,"HEUNG YUEN WAI HIGHWAY"
263242,"HEUNG YUEN WAI HIGHWAY"
263243,"HEUNG YUEN WAI HIGHWAY"
263263,"HEUNG YUEN WAI HIGHWAY"
263264,"HEUNG YUEN WAI HIGHWAY"
263265,"HEUNG YUEN WAI HIGHWAY"
263266,"HEUNG YUEN WAI HIGHWAY"
263267,"HEUNG YUEN WAI HIGHWAY"
263268,"HEUNG YUEN WAI HIGHWAY"
263269,"HEUNG YUEN WAI HIGHWAY"
263270,"HEUNG YUEN WAI HIGHWAY"
263271,"HEUNG YUEN WAI HIGHWAY"
263272,"HEUNG YUEN WAI HIGHWAY"
263273,"HEUNG YUEN WAI HIGHWAY"
263274,"HEUNG YUEN WAI HIGHWAY"
263275,"HEUNG YUEN WAI HIGHWAY"
263282,"HEUNG YUEN WAI HIGHWAY"
263283,"HEUNG YUEN WAI HIGHWAY"
264722,"HEUNG YUEN WAI HIGHWAY"
264723,"HEUNG YUEN WAI HIGHWAY"
264724,"HEUNG YUEN WAI HIGHWAY"
264725,"HEUNG YUEN WAI HIGHWAY"
83,"HING FAT STREET"
116,"HING FAT STREET"
1553,"HING FAT STREET"
3137,"HING FAT STREET"
3415,"HING FAT STREET"
4121,"HING FAT STREET"
4150,"HING FAT STREET"
4224,"HING FAT STREET"
4525,"HING FAT STREET"
4535,"HING FAT STREET"
60662,"HIRAM'S HIGHWAY"
60665,"HIRAM'S HIGHWAY"
60667,"HIRAM'S HIGHWAY"
60671,"HIRAM'S HIGHWAY"
60675,"HIRAM'S HIGHWAY"
60810,"HIRAM'S HIGHWAY"
61003,"HIRAM'S HIGHWAY"
61006,"HIRAM'S HIGHWAY"
61302,"HIRAM'S HIGHWAY"
61304,"HIRAM'S HIGHWAY"
61309,"HIRAM'S HIGHWAY"
61313,"HIRAM'S HIGHWAY"
61690,"HIRAM'S HIGHWAY"
61695,"HIRAM'S HIGHWAY"
61712,"HIRAM'S HIGHWAY"
61713,"HIRAM'S HIGHWAY"
61851,"HIRAM'S HIGHWAY"
62041,"HIRAM'S HIGHWAY"
62042,"HIRAM'S HIGHWAY"
62382,"HIRAM'S HIGHWAY"
62522,"HIRAM'S HIGHWAY"
62718,"HIRAM'S HIGHWAY"
62722,"HIRAM'S HIGHWAY"
62727,"HIRAM'S HIGHWAY"
62732,"HIRAM'S HIGHWAY"
62733,"HIRAM'S HIGHWAY"
63064,"HIRAM'S HIGHWAY"
63559,"HIRAM'S HIGHWAY"
63561,"HIRAM'S HIGHWAY"
63579,"HIRAM'S HIGHWAY"
63580,"HIRAM'S HIGHWAY"
63581,"HIRAM'S HIGHWAY"
63583,"HIRAM'S HIGHWAY"
63584,"HIRAM'S HIGHWAY"
63984,"HIRAM'S HIGHWAY"
63985,"HIRAM'S HIGHWAY"
63986,"HIRAM'S HIGHWAY"
63987,"HIRAM'S HIGHWAY"
100857,"HIRAM'S HIGHWAY"
101286,"HIRAM'S HIGHWAY"
101290,"HIRAM'S HIGHWAY"
101292,"HIRAM'S HIGHWAY"
101293,"HIRAM'S HIGHWAY"
101299,"HIRAM'S HIGHWAY"
101300,"HIRAM'S HIGHWAY"
101780,"HIRAM'S HIGHWAY"
101956,"HIRAM'S HIGHWAY"
101957,"HIRAM'S HIGHWAY"
134001,"HIRAM'S HIGHWAY"
163803,"HIRAM'S HIGHWAY"
165091,"HIRAM'S HIGHWAY"
260434,"HIRAM'S HIGHWAY"
260436,"HIRAM'S HIGHWAY"
274884,"HIRAM'S HIGHWAY"
274923,"HIRAM'S HIGHWAY"
274943,"HIRAM'S HIGHWAY"
274944,"HIRAM'S HIGHWAY"
275043,"HIRAM'S HIGHWAY"
275044,"HIRAM'S HIGHWAY"
275045,"HIRAM'S HIGHWAY"
275103,"HIRAM'S HIGHWAY"
275104,"HIRAM'S HIGHWAY"
275105,"HIRAM'S HIGHWAY"
275106,"HIRAM'S HIGHWAY"
275203,"HIRAM'S HIGHWAY"
275205,"HIRAM'S HIGHWAY"
275207,"HIRAM'S HIGHWAY"
275208,"HIRAM'S HIGHWAY"
275213,"HIRAM'S HIGHWAY"
275214,"HIRAM'S HIGHWAY"
275215,"HIRAM'S HIGHWAY"
275217,"HIRAM'S HIGHWAY"
275219,"HIRAM'S HIGHWAY"
275483,"HIRAM'S HIGHWAY"
275484,"HIRAM'S HIGHWAY"
275624,"HIRAM'S HIGHWAY"
275645,"HIRAM'S HIGHWAY"
275646,"HIRAM'S HIGHWAY"
275648,"HIRAM'S HIGHWAY"
275650,"HIRAM'S HIGHWAY"
275651,"HIRAM'S HIGHWAY"
275654,"HIRAM'S HIGHWAY"
275787,"HIRAM'S HIGHWAY"
275789,"HIRAM'S HIGHWAY"
275821,"HIRAM'S HIGHWAY"
275822,"HIRAM'S HIGHWAY"
275825,"HIRAM'S HIGHWAY"
275827,"HIRAM'S HIGHWAY"
276403,"HIRAM'S HIGHWAY"
276405,"HIRAM'S HIGHWAY"
93054,"HOI ON ROAD"
93055,"HOI ON ROAD"
93116,"HOI ON ROAD"
93122,"HOI ON ROAD"
93224,"HOI ON ROAD"
93299,"HOI ON ROAD"
93300,"HOI ON ROAD"
93301,"HOI ON ROAD"
93304,"HOI ON ROAD"
93414,"HOI ON ROAD"
93417,"HOI ON ROAD"
93418,"HOI ON ROAD"
96548,"HOI ON ROAD"
96549,"HOI ON ROAD"
96552,"HOI ON ROAD"
104616,"HONG CHONG ROAD"
105123,"HONG CHONG ROAD"
105208,"HONG CHONG ROAD"
163784,"HONG CHONG ROAD"
262501,"HONG KONG-ZHUHAI-MACAO BRIDGE HONG KONG LINK ROAD"
262502,"HONG KONG-ZHUHAI-MACAO BRIDGE HONG KONG LINK ROAD"
262503,"HONG KONG-ZHUHAI-MACAO BRIDGE HONG KONG LINK ROAD"
262504,"HONG KONG-ZHUHAI-MACAO BRIDGE HONG KONG LINK ROAD"
262506,"HONG KONG-ZHUHAI-MACAO BRIDGE HONG KONG LINK ROAD"
262507,"HONG KONG-ZHUHAI-MACAO BRIDGE HONG KONG LINK ROAD"
262512,"HONG KONG-ZHUHAI-MACAO BRIDGE HONG KONG LINK ROAD"
262567,"HONG KONG-ZHUHAI-MACAO BRIDGE HONG KONG LINK ROAD"
262568,"HONG KONG-ZHUHAI-MACAO BRIDGE HONG KONG LINK ROAD"
262569,"HONG KONG-ZHUHAI-MACAO BRIDGE HONG KONG LINK ROAD"
262570,"HONG KONG-ZHUHAI-MACAO BRIDGE HONG KONG LINK ROAD"
262571,"HONG KONG-ZHUHAI-MACAO BRIDGE HONG KONG LINK ROAD"
262572,"HONG KONG-ZHUHAI-MACAO BRIDGE HONG KONG LINK ROAD"
262573,"HONG KONG-ZHUHAI-MACAO BRIDGE HONG KONG LINK ROAD"
262574,"HONG KONG-ZHUHAI-MACAO BRIDGE HONG KONG LINK ROAD"
262575,"HONG KONG-ZHUHAI-MACAO BRIDGE HONG KONG LINK ROAD"
262576,"HONG KONG-ZHUHAI-MACAO BRIDGE HONG KONG LINK ROAD"
262577,"HONG KONG-ZHUHAI-MACAO BRIDGE HONG KONG LINK ROAD"
262578,"HONG KONG-ZHUHAI-MACAO BRIDGE HONG KONG LINK ROAD"
262580,"HONG KONG-ZHUHAI-MACAO BRIDGE HONG KONG LINK ROAD"
262581,"HONG KONG-ZHUHAI-MACAO BRIDGE HONG KONG LINK ROAD"
262582,"HONG KONG-ZHUHAI-MACAO BRIDGE HONG KONG LINK ROAD"
262583,"HONG KONG-ZHUHAI-MACAO BRIDGE HONG KONG LINK ROAD"
262584,"HONG KONG-ZHUHAI-MACAO BRIDGE HONG KONG LINK ROAD"
262585,"HONG KONG-ZHUHAI-MACAO BRIDGE HONG KONG LINK ROAD"
262589,"HONG KONG-ZHUHAI-MACAO BRIDGE HONG KONG LINK ROAD"
262598,"HONG KONG-ZHUHAI-MACAO BRIDGE HONG KONG LINK ROAD"
262610,"HONG KONG-ZHUHAI-MACAO BRIDGE HONG KONG LINK ROAD"
262612,"HONG KONG-ZHUHAI-MACAO BRIDGE HONG KONG LINK ROAD"
262630,"HONG KONG-ZHUHAI-MACAO BRIDGE HONG KONG LINK ROAD"
262661,"HONG KONG-ZHUHAI-MACAO BRIDGE HONG KONG LINK ROAD"
262662,"HONG KONG-ZHUHAI-MACAO BRIDGE HONG KONG LINK ROAD"
262663,"HONG KONG-ZHUHAI-MACAO BRIDGE HONG KONG LINK ROAD"
262667,"HONG KONG-ZHUHAI-MACAO BRIDGE HONG KONG LINK ROAD"
262668,"HONG KONG-ZHUHAI-MACAO BRIDGE HONG KONG LINK ROAD"
262678,"HONG KONG-ZHUHAI-MACAO BRIDGE HONG KONG LINK ROAD"
262679,"HONG KONG-ZHUHAI-MACAO BRIDGE HONG KONG LINK ROAD"
262701,"HONG KONG-ZHUHAI-MACAO BRIDGE HONG KONG LINK ROAD"
262702,"HONG KONG-ZHUHAI-MACAO BRIDGE HONG KONG LINK ROAD"
262703,"HONG KONG-ZHUHAI-MACAO BRIDGE HONG KONG LINK ROAD"
262704,"HONG KONG-ZHUHAI-MACAO BRIDGE HONG KONG LINK ROAD"
262705,"HONG KONG-ZHUHAI-MACAO BRIDGE HONG KONG LINK ROAD"
596,"HUNG HING ROAD FLYOVER"
681,"HUNG HING ROAD FLYOVER"
3921,"HUNG HING ROAD FLYOVER"
4957,"HUNG HING ROAD FLYOVER"
5282,"HUNG HING ROAD FLYOVER"
5342,"HUNG HING ROAD FLYOVER"
104594,"HUNG HOM BYPASS"
104595,"HUNG HOM BYPASS"
104601,"HUNG HOM BYPASS"
104602,"HUNG HOM BYPASS"
105062,"HUNG HOM BYPASS"
105064,"HUNG HOM BYPASS"
105066,"HUNG HOM BYPASS"
105068,"HUNG HOM BYPASS"
105079,"HUNG HOM BYPASS"
105083,"HUNG HOM BYPASS"
105084,"HUNG HOM BYPASS"
105086,"HUNG HOM BYPASS"
105089,"HUNG HOM BYPASS"
105091,"HUNG HOM BYPASS"
105093,"HUNG HOM BYPASS"
105094,"HUNG HOM BYPASS"
105095,"HUNG HOM BYPASS"
105144,"HUNG HOM BYPASS"
105207,"HUNG HOM BYPASS"
105240,"HUNG HOM BYPASS"
109939,"HUNG HOM BYPASS"
109940,"HUNG HOM BYPASS"
109941,"HUNG HOM BYPASS"
109942,"HUNG HOM BYPASS"
56942,"HUNG MUI KUK ROAD"
56943,"HUNG MUI KUK ROAD"
56951,"HUNG MUI KUK ROAD"
56952,"HUNG MUI KUK ROAD"
57201,"HUNG MUI KUK ROAD"
57238,"HUNG MUI KUK ROAD"
57381,"HUNG MUI KUK ROAD"
57695,"HUNG MUI KUK ROAD"
58089,"HUNG MUI KUK ROAD"
58094,"HUNG MUI KUK ROAD"
58562,"HUNG MUI KUK ROAD"
58745,"HUNG MUI KUK ROAD"
59072,"HUNG MUI KUK ROAD"
59081,"HUNG MUI KUK ROAD"
59197,"HUNG MUI KUK ROAD"
59507,"HUNG MUI KUK ROAD"
59971,"HUNG MUI KUK ROAD"
61350,"HUNG MUI KUK ROAD"
96743,"HUNG TIN ROAD"
97093,"HUNG TIN ROAD"
837,"ISLAND EASTERN CORRIDOR"
4563,"ISLAND EASTERN CORRIDOR"
5013,"ISLAND EASTERN CORRIDOR"
5420,"ISLAND EASTERN CORRIDOR"
5423,"ISLAND EASTERN CORRIDOR"
5424,"ISLAND EASTERN CORRIDOR"
5425,"ISLAND EASTERN CORRIDOR"
111656,"ISLAND EASTERN CORRIDOR"
261663,"ISLAND EASTERN CORRIDOR"
262801,"ISLAND EASTERN CORRIDOR"
923,"ISLAND ROAD"
1209,"ISLAND ROAD"
4661,"ISLAND ROAD"
4662,"ISLAND ROAD"
4668,"ISLAND ROAD"
4669,"ISLAND ROAD"
5656,"ISLAND ROAD"
64715,"ISLAND ROAD"
275663,"ISLAND ROAD"
275664,"ISLAND ROAD"
275665,"ISLAND ROAD"
275667,"ISLAND ROAD"
275668,"ISLAND ROAD"
275669,"ISLAND ROAD"
275670,"ISLAND ROAD"
275671,"ISLAND ROAD"
275975,"ISLAND ROAD"
275979,"ISLAND ROAD"
275981,"ISLAND ROAD"
275983,"ISLAND ROAD"
275987,"ISLAND ROAD"
275989,"ISLAND ROAD"
275991,"ISLAND ROAD"
276067,"ISLAND ROAD"
276069,"ISLAND ROAD"
276070,"ISLAND ROAD"
57053,"JOCKEY CLUB ROAD"
57409,"JOCKEY CLUB ROAD"
57914,"JOCKEY CLUB ROAD"
58346,"JOCKEY CLUB ROAD"
58804,"JOCKEY CLUB ROAD"
58872,"JOCKEY CLUB ROAD"
59216,"JOCKEY CLUB ROAD"
59300,"JOCKEY CLUB ROAD"
59379,"JOCKEY CLUB ROAD"
60128,"JOCKEY CLUB ROAD"
60205,"JOCKEY CLUB ROAD"
60237,"JOCKEY CLUB ROAD"
272289,"JOCKEY CLUB ROAD"
272290,"JOCKEY CLUB ROAD"
273703,"JOCKEY CLUB ROAD"
103139,"KAI CHEUNG ROAD"
103142,"KAI CHEUNG ROAD"
103143,"KAI CHEUNG ROAD"
103144,"KAI CHEUNG ROAD"
103155,"KAI CHEUNG ROAD"
103165,"KAI CHEUNG ROAD"
103186,"KAI CHEUNG ROAD"
103187,"KAI CHEUNG ROAD"
103188,"KAI CHEUNG ROAD"
103542,"KAI CHEUNG ROAD"
103543,"KAI CHEUNG ROAD"
103544,"KAI CHEUNG ROAD"
103642,"KAI CHEUNG ROAD"
103643,"KAI CHEUNG ROAD"
103645,"KAI CHEUNG ROAD"
103900,"KAI CHEUNG ROAD"
103904,"KAI CHEUNG ROAD"
103907,"KAI CHEUNG ROAD"
103972,"KAI CHEUNG ROAD"
103975,"KAI CHEUNG ROAD"
104065,"KAI CHEUNG ROAD"
104173,"KOWLOON PARK DRIVE"
104633,"KOWLOON PARK DRIVE"
105038,"KOWLOON PARK DRIVE"
105051,"KOWLOON PARK DRIVE"
105103,"KOWLOON PARK DRIVE"
105223,"KOWLOON PARK DRIVE"
107184,"KOWLOON PARK DRIVE"
109851,"KOWLOON PARK DRIVE"
103715,"KWUN TONG BY-PASS"
109845,"KWUN TONG BY-PASS"
109846,"KWUN TONG BY-PASS"
103501,"KWUN TONG BYPASS"
103502,"KWUN TONG BYPASS"
103714,"KWUN TONG BYPASS"
109828,"KWUN TONG BYPASS"
103052,"KWUN TONG ROAD"
103053,"KWUN TONG ROAD"
106900,"LAI CHEUNG ROAD"
9335,"LAI PO ROAD"
103151,"LAM HING STREET"
103153,"LAM HING STREET"
95291,"LAM TEI INTERCHANGE"
95292,"LAM TEI INTERCHANGE"
95311,"LAM TEI INTERCHANGE"
96723,"LAM TEI INTERCHANGE"
96728,"LAM TEI INTERCHANGE"
97099,"LAM TEI INTERCHANGE"
101475,"LEI YUE MUN ROAD"
101830,"LEI YUE MUN ROAD"
101900,"LEI YUE MUN ROAD"
101903,"LEI YUE MUN ROAD"
7366,"LIN CHEUNG ROAD"
7660,"LIN CHEUNG ROAD"
8288,"LIN CHEUNG ROAD"
106796,"LIN CHEUNG ROAD"
107160,"LIN CHEUNG ROAD"
108979,"LIN CHEUNG ROAD"
108984,"LIN CHEUNG ROAD"
260890,"LIN CHEUNG ROAD"
260913,"LIN CHEUNG ROAD"
260915,"LIN CHEUNG ROAD"
260917,"LIN CHEUNG ROAD"
260921,"LIN CHEUNG ROAD"
260923,"LIN CHEUNG ROAD"
260930,"LIN CHEUNG ROAD"
260933,"LIN CHEUNG ROAD"
95438,"LONG TIN ROAD"
95441,"LONG TIN ROAD"
95997,"LONG TIN ROAD"
95998,"LONG TIN ROAD"
95999,"LONG TIN ROAD"
96000,"LONG TIN ROAD"
96001,"LONG TIN ROAD"
97137,"LONG TIN ROAD"
97138,"LONG TIN ROAD"
97139,"LONG TIN ROAD"
97141,"LONG TIN ROAD"
97142,"LONG TIN ROAD"
97160,"LONG TIN ROAD"
97183,"LONG TIN ROAD"
97209,"LONG TIN ROAD"
103428,"LUNG CHEUNG ROAD"
103861,"LUNG CHEUNG ROAD"
95340,"LUNG FU ROAD"
95341,"LUNG FU ROAD"
96644,"LUNG FU ROAD"
96645,"LUNG FU ROAD"
97109,"LUNG FU ROAD"
97110,"LUNG FU ROAD"
267163,"LUNG FU ROAD"
267164,"LUNG FU ROAD"
267165,"LUNG FU ROAD"
267166,"LUNG FU ROAD"
267167,"LUNG FU ROAD"
267168,"LUNG FU ROAD"
267169,"LUNG FU ROAD"
267170,"LUNG FU ROAD"
267171,"LUNG FU ROAD"
276983,"LUNG FU ROAD"
276986,"LUNG FU ROAD"
276990,"LUNG FU ROAD"
276994,"LUNG FU ROAD"
60502,"MA ON SHAN BYPASS"
60564,"MA ON SHAN BYPASS"
60565,"MA ON SHAN BYPASS"
60623,"MA ON SHAN BYPASS"
60953,"MA ON SHAN BYPASS"
60955,"MA ON SHAN BYPASS"
61149,"MA ON SHAN BYPASS"
61267,"MA ON SHAN BYPASS"
61582,"MA ON SHAN BYPASS"
61636,"MA ON SHAN BYPASS"
61637,"MA ON SHAN BYPASS"
61934,"MA ON SHAN BYPASS"
62221,"MA ON SHAN BYPASS"
62228,"MA ON SHAN BYPASS"
62546,"MA ON SHAN BYPASS"
62550,"MA ON SHAN BYPASS"
279745,"MA ON SHAN BYPASS"
279746,"MA ON SHAN BYPASS"
60452,"MA ON SHAN ROAD"
60513,"MA ON SHAN ROAD"
60570,"MA ON SHAN ROAD"
60628,"MA ON SHAN ROAD"
60635,"MA ON SHAN ROAD"
60815,"MA ON SHAN ROAD"
61278,"MA ON SHAN ROAD"
61495,"MA ON SHAN ROAD"
61585,"MA ON SHAN ROAD"
61587,"MA ON SHAN ROAD"
61843,"MA ON SHAN ROAD"
61880,"MA ON SHAN ROAD"
62282,"MA ON SHAN ROAD"
62611,"MA ON SHAN ROAD"
62612,"MA ON SHAN ROAD"
62613,"MA ON SHAN ROAD"
62881,"MA ON SHAN ROAD"
62910,"MA ON SHAN ROAD"
62944,"MA ON SHAN ROAD"
62956,"MA ON SHAN ROAD"
62958,"MA ON SHAN ROAD"
62959,"MA ON SHAN ROAD"
62960,"MA ON SHAN ROAD"
63020,"MA ON SHAN ROAD"
3361,"MORRISON HILL ROAD"
5251,"MORRISON HILL ROAD"
425,"NAM FUNG ROAD"
713,"NAM FUNG ROAD"
740,"NAM FUNG ROAD"
821,"NAM FUNG ROAD"
1081,"NAM FUNG ROAD"
1605,"NAM FUNG ROAD"
2832,"NAM FUNG ROAD"
3064,"NAM FUNG ROAD"
3275,"NAM FUNG ROAD"
3605,"NAM FUNG ROAD"
5802,"NAM FUNG ROAD"
6721,"NAM FUNG ROAD"
100203,"NEW CLEAR WATER BAY ROAD"
100343,"NEW CLEAR WATER BAY ROAD"
100344,"NEW CLEAR WATER BAY ROAD"
100345,"NEW CLEAR WATER BAY ROAD"
101331,"NEW CLEAR WATER BAY ROAD"
101332,"NEW CLEAR WATER BAY ROAD"
101333,"NEW CLEAR WATER BAY ROAD"
101785,"NEW CLEAR WATER BAY ROAD"
101786,"NEW CLEAR WATER BAY ROAD"
101788,"NEW CLEAR WATER BAY ROAD"
101790,"NEW CLEAR WATER BAY ROAD"
101791,"NEW CLEAR WATER BAY ROAD"
101825,"NEW CLEAR WATER BAY ROAD"
101826,"NEW CLEAR WATER BAY ROAD"
101940,"NEW CLEAR WATER BAY ROAD"
101941,"NEW CLEAR WATER BAY ROAD"
101945,"NEW CLEAR WATER BAY ROAD"
101946,"NEW CLEAR WATER BAY ROAD"
101947,"NEW CLEAR WATER BAY ROAD"
101948,"NEW CLEAR WATER BAY ROAD"
103246,"NEW CLEAR WATER BAY ROAD"
141093,"NEW CLEAR WATER BAY ROAD"
164116,"NEW CLEAR WATER BAY ROAD"
164786,"NEW CLEAR WATER BAY ROAD"
165029,"NEW CLEAR WATER BAY ROAD"
101740,"NEW HIRAM'S HIGHWAY"
101896,"NEW HIRAM'S HIGHWAY"
150314,"NEW HIRAM'S HIGHWAY"
105507,"NGO CHEUNG ROAD"
106882,"NGO CHEUNG ROAD"
7473,"NORTH WEST TSING YI INTERCHANGE"
8139,"NORTH WEST TSING YI INTERCHANGE"
7574,"PENNY'S BAY HIGHWAY"
8547,"PENNY'S BAY HIGHWAY"
8559,"PENNY'S BAY HIGHWAY"
8835,"PENNY'S BAY HIGHWAY"
8878,"PENNY'S BAY HIGHWAY"
9548,"PENNY'S BAY HIGHWAY"
100660,"PO HONG ROAD"
100689,"PO HONG ROAD"
100690,"PO HONG ROAD"
100692,"PO HONG ROAD"
100696,"PO HONG ROAD"
100697,"PO HONG ROAD"
100743,"PO HONG ROAD"
101025,"PO HONG ROAD"
101759,"PO HONG ROAD"
101760,"PO HONG ROAD"
101978,"PO HONG ROAD"
101979,"PO HONG ROAD"
101980,"PO HONG ROAD"
260029,"PO HONG ROAD"
266571,"PO HONG ROAD"
266572,"PO HONG ROAD"
266573,"PO HONG ROAD"
100598,"PO SHUN ROAD"
100599,"PO SHUN ROAD"
100663,"PO SHUN ROAD"
100717,"PO SHUN ROAD"
100741,"PO SHUN ROAD"
101837,"PO SHUN ROAD"
101838,"PO SHUN ROAD"
101839,"PO SHUN ROAD"
101843,"PO SHUN ROAD"
101846,"PO SHUN ROAD"
101855,"PO SHUN ROAD"
101910,"PO SHUN ROAD"
109445,"PO SHUN ROAD"
109504,"PO SHUN ROAD"
111959,"PO SHUN ROAD"
111960,"PO SHUN ROAD"
111962,"PO SHUN ROAD"
111963,"PO SHUN ROAD"
112157,"PO SHUN ROAD"
278226,"PO SHUN ROAD"
280083,"PO SHUN ROAD"
280084,"PO SHUN ROAD"
60488,"PO TUNG ROAD"
60497,"PO TUNG ROAD"
61197,"PO TUNG ROAD"
61312,"PO TUNG ROAD"
61703,"PO TUNG ROAD"
62286,"PO TUNG ROAD"
62737,"PO TUNG ROAD"
63551,"PO TUNG ROAD"
63552,"PO TUNG ROAD"
63553,"PO TUNG ROAD"
63554,"PO TUNG ROAD"
63555,"PO TUNG ROAD"
63556,"PO TUNG ROAD"
275904,"PO TUNG ROAD"
100535,"PO YAP ROAD"
100538,"PO YAP ROAD"
100596,"PO YAP ROAD"
100597,"PO YAP ROAD"
100634,"PO YAP ROAD"
100635,"PO YAP ROAD"
100636,"PO YAP ROAD"
100639,"PO YAP ROAD"
100640,"PO YAP ROAD"
100641,"PO YAP ROAD"
100649,"PO YAP ROAD"
101872,"PO YAP ROAD"
101876,"PO YAP ROAD"
279,"POK FU LAM ROAD"
413,"POK FU LAM ROAD"
419,"POK FU LAM ROAD"
583,"POK FU LAM ROAD"
1041,"POK FU LAM ROAD"
1068,"POK FU LAM ROAD"
1071,"POK FU LAM ROAD"
1079,"POK FU LAM ROAD"
1296,"POK FU LAM ROAD"
1513,"POK FU LAM ROAD"
1582,"POK FU LAM ROAD"
1583,"POK FU LAM ROAD"
1681,"POK FU LAM ROAD"
2031,"POK FU LAM ROAD"
2172,"POK FU LAM ROAD"
2183,"POK FU LAM ROAD"
2195,"POK FU LAM ROAD"
2368,"POK FU LAM ROAD"
2547,"POK FU LAM ROAD"
2578,"POK FU LAM ROAD"
2814,"POK FU LAM ROAD"
2891,"POK FU LAM ROAD"
3378,"POK FU LAM ROAD"
3559,"POK FU LAM ROAD"
3565,"POK FU LAM ROAD"
3571,"POK FU LAM ROAD"
3590,"POK FU LAM ROAD"
3771,"POK FU LAM ROAD"
3772,"POK FU LAM ROAD"
3854,"POK FU LAM ROAD"
4172,"POK FU LAM ROAD"
4285,"POK FU LAM ROAD"
4329,"POK FU LAM ROAD"
4847,"POK FU LAM ROAD"
4848,"POK FU LAM ROAD"
4851,"POK FU LAM ROAD"
4852,"POK FU LAM ROAD"
4934,"POK FU LAM ROAD"
5739,"POK FU LAM ROAD"
5810,"POK FU LAM ROAD"
63083,"POK FU LAM ROAD"
63713,"POK FU LAM ROAD"
164924,"POK FU LAM ROAD"
273225,"POK FU LAM ROAD"
273226,"POK FU LAM ROAD"
273227,"POK FU LAM ROAD"
273228,"POK FU LAM ROAD"
273243,"POK FU LAM ROAD"
273244,"POK FU LAM ROAD"
273424,"POK FU LAM ROAD"
273425,"POK FU LAM ROAD"
95843,"POK OI INTERCHANGE"
95952,"POK OI INTERCHANGE"
95953,"POK OI INTERCHANGE"
95975,"POK OI INTERCHANGE"
95978,"POK OI INTERCHANGE"
95979,"POK OI INTERCHANGE"
96779,"POK OI INTERCHANGE"
96780,"POK OI INTERCHANGE"
97163,"POK OI INTERCHANGE"
97164,"POK OI INTERCHANGE"
97190,"POK OI INTERCHANGE"
97191,"POK OI INTERCHANGE"
97194,"POK OI INTERCHANGE"
97196,"POK OI INTERCHANGE"
97197,"POK OI INTERCHANGE"
97200,"POK OI INTERCHANGE"
97201,"POK OI INTERCHANGE"
97206,"POK OI INTERCHANGE"
109140,"POK OI INTERCHANGE"
109141,"POK OI INTERCHANGE"
260854,"POK OI INTERCHANGE"
279103,"POK OI INTERCHANGE"
102812,"PRINCE EDWARD ROAD EAST"
102847,"PRINCE EDWARD ROAD EAST"
102906,"PRINCE EDWARD ROAD EAST"
102913,"PRINCE EDWARD ROAD EAST"
103030,"PRINCE EDWARD ROAD EAST"
103045,"PRINCE EDWARD ROAD EAST"
103430,"PRINCE EDWARD ROAD EAST"
103465,"PRINCE EDWARD ROAD EAST"
103467,"PRINCE EDWARD ROAD EAST"
103468,"PRINCE EDWARD ROAD EAST"
103659,"PRINCE EDWARD ROAD EAST"
103660,"PRINCE EDWARD ROAD EAST"
103792,"PRINCE EDWARD ROAD EAST"
103813,"PRINCE EDWARD ROAD EAST"
103815,"PRINCE EDWARD ROAD EAST"
103819,"PRINCE EDWARD ROAD EAST"
103820,"PRINCE EDWARD ROAD EAST"
103825,"PRINCE EDWARD ROAD EAST"
103826,"PRINCE EDWARD ROAD EAST"
103829,"PRINCE EDWARD ROAD EAST"
103850,"PRINCE EDWARD ROAD EAST"
103865,"PRINCE EDWARD ROAD EAST"
103866,"PRINCE EDWARD ROAD EAST"
103867,"PRINCE EDWARD ROAD EAST"
103878,"PRINCE EDWARD ROAD EAST"
103950,"PRINCE EDWARD ROAD EAST"
103964,"PRINCE EDWARD ROAD EAST"
103967,"PRINCE EDWARD ROAD EAST"
103979,"PRINCE EDWARD ROAD EAST"
260817,"PRINCE EDWARD ROAD EAST"
260819,"PRINCE EDWARD ROAD EAST"
265782,"PRINCE EDWARD ROAD EAST"
94449,"PUI TO ROAD"
95297,"PUI TO ROAD"
96675,"PUI TO ROAD"
96953,"PUI TO ROAD"
97343,"PUI TO ROAD"
165,"QUEEN'S ROAD EAST"
342,"QUEEN'S ROAD EAST"
345,"QUEEN'S ROAD EAST"
346,"QUEEN'S ROAD EAST"
361,"QUEEN'S ROAD EAST"
939,"QUEEN'S ROAD EAST"
1192,"QUEEN'S ROAD EAST"
1265,"QUEEN'S ROAD EAST"
1908,"QUEEN'S ROAD EAST"
1991,"QUEEN'S ROAD EAST"
2214,"QUEEN'S ROAD EAST"
2451,"QUEEN'S ROAD EAST"
2681,"QUEEN'S ROAD EAST"
2692,"QUEEN'S ROAD EAST"
3061,"QUEEN'S ROAD EAST"
3298,"QUEEN'S ROAD EAST"
3467,"QUEEN'S ROAD EAST"
3681,"QUEEN'S ROAD EAST"
3699,"QUEEN'S ROAD EAST"
5185,"QUEEN'S ROAD EAST"
5196,"QUEEN'S ROAD EAST"
5210,"QUEEN'S ROAD EAST"
5324,"QUEEN'S ROAD EAST"
5326,"QUEEN'S ROAD EAST"
5331,"QUEEN'S ROAD EAST"
5353,"QUEEN'S ROAD EAST"
5398,"QUEEN'S ROAD EAST"
5399,"QUEEN'S ROAD EAST"
5400,"QUEEN'S ROAD EAST"
5402,"QUEEN'S ROAD EAST"
5427,"QUEEN'S ROAD EAST"
5772,"QUEEN'S ROAD EAST"
5825,"QUEEN'S ROAD EAST"
65114,"QUEEN'S ROAD EAST"
260371,"QUEEN'S ROAD EAST"
275723,"QUEEN'S ROAD EAST"
275727,"QUEEN'S ROAD EAST"
275743,"QUEEN'S ROAD EAST"
275744,"QUEEN'S ROAD EAST"
275749,"QUEEN'S ROAD EAST"
275751,"QUEEN'S ROAD EAST"
275752,"QUEEN'S ROAD EAST"
275754,"QUEEN'S ROAD EAST"
275757,"QUEEN'S ROAD EAST"
275763,"QUEEN'S ROAD EAST"
275793,"QUEEN'S ROAD EAST"
275794,"QUEEN'S ROAD EAST"
275806,"QUEEN'S ROAD EAST"
275807,"QUEEN'S ROAD EAST"
275810,"QUEEN'S ROAD EAST"
166,QUEENSWAY
363,QUEENSWAY
2464,QUEENSWAY
2731,QUEENSWAY
3080,QUEENSWAY
3460,QUEENSWAY
4672,QUEENSWAY
4674,QUEENSWAY
4995,QUEENSWAY
4996,QUEENSWAY
5334,QUEENSWAY
5490,QUEENSWAY
5550,QUEENSWAY
187,"REPULSE BAY ROAD"
1857,"REPULSE BAY ROAD"
2718,"REPULSE BAY ROAD"
3213,"REPULSE BAY ROAD"
3556,"REPULSE BAY ROAD"
4132,"REPULSE BAY ROAD"
4204,"REPULSE BAY ROAD"
4328,"REPULSE BAY ROAD"
4341,"REPULSE BAY ROAD"
4812,"REPULSE BAY ROAD"
5405,"REPULSE BAY ROAD"
275703,"REPULSE BAY ROAD"
275705,"REPULSE BAY ROAD"
275708,"REPULSE BAY ROAD"
275726,"REPULSE BAY ROAD"
275745,"REPULSE BAY ROAD"
275753,"REPULSE BAY ROAD"
275998,"REPULSE BAY ROAD"
276003,"REPULSE BAY ROAD"
276024,"REPULSE BAY ROAD"
276026,"REPULSE BAY ROAD"
276028,"REPULSE BAY ROAD"
276030,"REPULSE BAY ROAD"
276033,"REPULSE BAY ROAD"
276037,"REPULSE BAY ROAD"
276046,"REPULSE BAY ROAD"
290,ROUNDABOUT
1150,ROUNDABOUT
2265,ROUNDABOUT
2288,ROUNDABOUT
3116,ROUNDABOUT
3418,ROUNDABOUT
3640,ROUNDABOUT
4342,ROUNDABOUT
4343,ROUNDABOUT
4862,ROUNDABOUT
58375,ROUNDABOUT
58955,ROUNDABOUT
59247,ROUNDABOUT
60454,ROUNDABOUT
61461,ROUNDABOUT
62174,ROUNDABOUT
62175,ROUNDABOUT
62911,ROUNDABOUT
93482,ROUNDABOUT
93486,ROUNDABOUT
93543,ROUNDABOUT
93697,ROUNDABOUT
93704,ROUNDABOUT
94677,ROUNDABOUT
94678,ROUNDABOUT
94687,ROUNDABOUT
94688,ROUNDABOUT
94689,ROUNDABOUT
94714,ROUNDABOUT
94928,ROUNDABOUT
94929,ROUNDABOUT
94930,ROUNDABOUT
94931,ROUNDABOUT
94932,ROUNDABOUT
96895,ROUNDABOUT
96896,ROUNDABOUT
100533,ROUNDABOUT
100534,ROUNDABOUT
100536,ROUNDABOUT
100565,ROUNDABOUT
100566,ROUNDABOUT
100585,ROUNDABOUT
100601,ROUNDABOUT
100602,ROUNDABOUT
100606,ROUNDABOUT
100613,ROUNDABOUT
100614,ROUNDABOUT
100680,ROUNDABOUT
100681,ROUNDABOUT
100682,ROUNDABOUT
100683,ROUNDABOUT
100684,ROUNDABOUT
101021,ROUNDABOUT
101022,ROUNDABOUT
101023,ROUNDABOUT
101024,ROUNDABOUT
101029,ROUNDABOUT
101280,ROUNDABOUT
101281,ROUNDABOUT
101291,ROUNDABOUT
101295,ROUNDABOUT
101296,ROUNDABOUT
101297,ROUNDABOUT
110624,ROUNDABOUT
110625,ROUNDABOUT
110626,ROUNDABOUT
110627,ROUNDABOUT
110628,ROUNDABOUT
110671,ROUNDABOUT
110672,ROUNDABOUT
110673,ROUNDABOUT
110674,ROUNDABOUT
110675,ROUNDABOUT
110676,ROUNDABOUT
110677,ROUNDABOUT
110678,ROUNDABOUT
110681,ROUNDABOUT
110682,ROUNDABOUT
110683,ROUNDABOUT
110684,ROUNDABOUT
110685,ROUNDABOUT
110896,ROUNDABOUT
110902,ROUNDABOUT
164610,ROUNDABOUT
164611,ROUNDABOUT
164612,ROUNDABOUT
164991,ROUNDABOUT
164993,ROUNDABOUT
164995,ROUNDABOUT
164997,ROUNDABOUT
164999,ROUNDABOUT
165001,ROUNDABOUT
165374,ROUNDABOUT
260231,ROUNDABOUT
260232,ROUNDABOUT
260233,ROUNDABOUT
260234,ROUNDABOUT
275687,ROUNDABOUT
275688,ROUNDABOUT
278783,ROUNDABOUT
278803,ROUNDABOUT
60464,"SAI SHA ROAD"
60466,"SAI SHA ROAD"
60475,"SAI SHA ROAD"
60481,"SAI SHA ROAD"
60496,"SAI SHA ROAD"
60817,"SAI SHA ROAD"
60938,"SAI SHA ROAD"
61007,"SAI SHA ROAD"
61125,"SAI SHA ROAD"
61318,"SAI SHA ROAD"
61490,"SAI SHA ROAD"
62050,"SAI SHA ROAD"
62205,"SAI SHA ROAD"
62206,"SAI SHA ROAD"
62516,"SAI SHA ROAD"
62523,"SAI SHA ROAD"
62532,"SAI SHA ROAD"
62556,"SAI SHA ROAD"
62876,"SAI SHA ROAD"
62884,"SAI SHA ROAD"
275993,"SAI SHA ROAD"
275995,"SAI SHA ROAD"
275999,"SAI SHA ROAD"
276002,"SAI SHA ROAD"
276035,"SAI SHA ROAD"
276045,"SAI SHA ROAD"
276048,"SAI SHA ROAD"
276063,"SAI SHA ROAD"
276168,"SAI SHA ROAD"
276195,"SAI SHA ROAD"
276196,"SAI SHA ROAD"
104135,"SALISBURY ROAD"
104136,"SALISBURY ROAD"
104137,"SALISBURY ROAD"
104154,"SALISBURY ROAD"
104162,"SALISBURY ROAD"
104174,"SALISBURY ROAD"
104179,"SALISBURY ROAD"
104180,"SALISBURY ROAD"
104309,"SALISBURY ROAD"
104312,"SALISBURY ROAD"
104323,"SALISBURY ROAD"
104943,"SALISBURY ROAD"
104944,"SALISBURY ROAD"
105149,"SALISBURY ROAD"
109852,"SALISBURY ROAD"
119626,"SALISBURY ROAD"
93488,"SAN TAM ROAD"
93489,"SAN TAM ROAD"
60658,"SHA LEK HIGHWAY"
60660,"SHA LEK HIGHWAY"
60898,"SHA LEK HIGHWAY"
60905,"SHA LEK HIGHWAY"
61477,"SHA LEK HIGHWAY"
61579,"SHA LEK HIGHWAY"
61580,"SHA LEK HIGHWAY"
61679,"SHA LEK HIGHWAY"
61680,"SHA LEK HIGHWAY"
61681,"SHA LEK HIGHWAY"
61682,"SHA LEK HIGHWAY"
61933,"SHA LEK HIGHWAY"
62028,"SHA LEK HIGHWAY"
62037,"SHA LEK HIGHWAY"
62123,"SHA LEK HIGHWAY"
62290,"SHA LEK HIGHWAY"
62717,"SHA LEK HIGHWAY"
63037,"SHA LEK HIGHWAY"
63043,"SHA LEK HIGHWAY"
63052,"SHA LEK HIGHWAY"
60559,"SHA TIN RURAL COMMITTEE ROAD"
60560,"SHA TIN RURAL COMMITTEE ROAD"
61111,"SHA TIN RURAL COMMITTEE ROAD"
61199,"SHA TIN RURAL COMMITTEE ROAD"
61200,"SHA TIN RURAL COMMITTEE ROAD"
61575,"SHA TIN RURAL COMMITTEE ROAD"
61911,"SHA TIN RURAL COMMITTEE ROAD"
61929,"SHA TIN RURAL COMMITTEE ROAD"
62563,"SHA TIN RURAL COMMITTEE ROAD"
62687,"SHA TIN RURAL COMMITTEE ROAD"
62951,"SHA TIN RURAL COMMITTEE ROAD"
63796,"SHA TIN RURAL COMMITTEE ROAD"
60441,"SHA TIN WAI ROAD"
60544,"SHA TIN WAI ROAD"
60859,"SHA TIN WAI ROAD"
60860,"SHA TIN WAI ROAD"
61167,"SHA TIN WAI ROAD"
61189,"SHA TIN WAI ROAD"
61431,"SHA TIN WAI ROAD"
61492,"SHA TIN WAI ROAD"
61532,"SHA TIN WAI ROAD"
61540,"SHA TIN WAI ROAD"
61855,"SHA TIN WAI ROAD"
62249,"SHA TIN WAI ROAD"
62277,"SHA TIN WAI ROAD"
62597,"SHA TIN WAI ROAD"
62826,"SHA TIN WAI ROAD"
62917,"SHA TIN WAI ROAD"
62918,"SHA TIN WAI ROAD"
92592,"SHA TIN WAI ROAD"
95482,"SHAP PAT HEUNG INTERCHANGE"
95713,"SHAP PAT HEUNG INTERCHANGE"
95747,"SHAP PAT HEUNG INTERCHANGE"
95748,"SHAP PAT HEUNG INTERCHANGE"
95772,"SHAP PAT HEUNG INTERCHANGE"
95773,"SHAP PAT HEUNG INTERCHANGE"
95964,"SHAP PAT HEUNG INTERCHANGE"
95965,"SHAP PAT HEUNG INTERCHANGE"
97730,"SHAP PAT HEUNG INTERCHANGE"
97731,"SHAP PAT HEUNG INTERCHANGE"
634,"SHEK PAI WAN ROAD"
1456,"SHEK PAI WAN ROAD"
1700,"SHEK PAI WAN ROAD"
1881,"SHEK PAI WAN ROAD"
2847,"SHEK PAI WAN ROAD"
3498,"SHEK PAI WAN ROAD"
3613,"SHEK PAI WAN ROAD"
4100,"SHEK PAI WAN ROAD"
95763,"SHUI PIN WAI INTERCHANGE"
95768,"SHUI PIN WAI INTERCHANGE"
271733,"SHUI PIN WAI INTERCHANGE"
261801,"SHUN FAI ROAD"
261826,"SHUN FAI ROAD"
270625,"SHUN FAI ROAD"
270663,"SHUN FAI ROAD"
261768,"SHUN LONG ROAD"
261770,"SHUN LONG ROAD"
261772,"SHUN LONG ROAD"
261776,"SHUN LONG ROAD"
261778,"SHUN LONG ROAD"
261780,"SHUN LONG ROAD"
261782,"SHUN LONG ROAD"
261784,"SHUN LONG ROAD"
261786,"SHUN LONG ROAD"
261787,"SHUN LONG ROAD"
261828,"SHUN LONG ROAD"
261832,"SHUN LONG ROAD"
261833,"SHUN LONG ROAD"
261834,"SHUN LONG ROAD"
261835,"SHUN LONG ROAD"
267205,"SHUN LONG ROAD"
267269,"SHUN LONG ROAD"
267270,"SHUN LONG ROAD"
267272,"SHUN LONG ROAD"
262590,"SHUN LUI ROAD"
7874,"SKY CITY INTERCHANGE"
8159,"SKY CITY INTERCHANGE"
484,"SLIP ROAD"
2868,"SLIP ROAD"
3373,"SLIP ROAD"
4728,"SLIP ROAD"
4734,"SLIP ROAD"
5021,"SLIP ROAD"
5164,"SLIP ROAD"
5364,"SLIP ROAD"
7552,"SLIP ROAD"
7566,"SLIP ROAD"
7951,"SLIP ROAD"
8197,"SLIP ROAD"
8226,"SLIP ROAD"
8845,"SLIP ROAD"
8931,"SLIP ROAD"
8940,"SLIP ROAD"
9799,"SLIP ROAD"
9850,"SLIP ROAD"
9877,"SLIP ROAD"
56784,"SLIP ROAD"
56821,"SLIP ROAD"
57102,"SLIP ROAD"
57119,"SLIP ROAD"
57121,"SLIP ROAD"
58312,"SLIP ROAD"
59436,"SLIP ROAD"
60729,"SLIP ROAD"
61271,"SLIP ROAD"
94375,"SLIP ROAD"
95295,"SLIP ROAD"
95298,"SLIP ROAD"
95317,"SLIP ROAD"
95330,"SLIP ROAD"
96654,"SLIP ROAD"
96667,"SLIP ROAD"
96674,"SLIP ROAD"
96707,"SLIP ROAD"
96709,"SLIP ROAD"
96710,"SLIP ROAD"
96711,"SLIP ROAD"
96951,"SLIP ROAD"
96952,"SLIP ROAD"
96954,"SLIP ROAD"
96955,"SLIP ROAD"
97102,"SLIP ROAD"
102892,"SLIP ROAD"
103653,"SLIP ROAD"
103654,"SLIP ROAD"
104050,"SLIP ROAD"
104051,"SLIP ROAD"
104054,"SLIP ROAD"
104055,"SLIP ROAD"
105088,"SLIP ROAD"
105210,"SLIP ROAD"
105212,"SLIP ROAD"
127915,"SLIP ROAD"
127916,"SLIP ROAD"
261655,"SLIP ROAD"
261670,"SLIP ROAD"
262805,"SLIP ROAD"
262806,"SLIP ROAD"
262807,"SLIP ROAD"
271742,"SLIP ROAD"
271807,"SLIP ROAD"
32,"STUBBS ROAD"
332,"STUBBS ROAD"
343,"STUBBS ROAD"
344,"STUBBS ROAD"
347,"STUBBS ROAD"
348,"STUBBS ROAD"
355,"STUBBS ROAD"
356,"STUBBS ROAD"
357,"STUBBS ROAD"
915,"STUBBS ROAD"
1080,"STUBBS ROAD"
1288,"STUBBS ROAD"
1835,"STUBBS ROAD"
2163,"STUBBS ROAD"
2202,"STUBBS ROAD"
2859,"STUBBS ROAD"
4905,"STUBBS ROAD"
5629,"STUBBS ROAD"
5797,"STUBBS ROAD"
6114,"STUBBS ROAD"
272545,"STUBBS ROAD"
272546,"STUBBS ROAD"
276783,"STUBBS ROAD"
276784,"STUBBS ROAD"
276803,"STUBBS ROAD"
276823,"STUBBS ROAD"
60438,"TAI CHUNG KIU ROAD"
60515,"TAI CHUNG KIU ROAD"
60516,"TAI CHUNG KIU ROAD"
60769,"TAI CHUNG KIU ROAD"
60856,"TAI CHUNG KIU ROAD"
60857,"TAI CHUNG KIU ROAD"
60858,"TAI CHUNG KIU ROAD"
61166,"TAI CHUNG KIU ROAD"
61168,"TAI CHUNG KIU ROAD"
61538,"TAI CHUNG KIU ROAD"
61897,"TAI CHUNG KIU ROAD"
61898,"TAI CHUNG KIU ROAD"
61899,"TAI CHUNG KIU ROAD"
61900,"TAI CHUNG KIU ROAD"
62154,"TAI CHUNG KIU ROAD"
62247,"TAI CHUNG KIU ROAD"
62361,"TAI CHUNG KIU ROAD"
62565,"TAI CHUNG KIU ROAD"
62915,"TAI CHUNG KIU ROAD"
1962,"TAI HANG ROAD"
102874,"TAI HOM ROAD"
102890,"TAI HOM ROAD"
60850,"TAI MONG TSAI ROAD"
61135,"TAI MONG TSAI ROAD"
61136,"TAI MONG TSAI ROAD"
61503,"TAI MONG TSAI ROAD"
61505,"TAI MONG TSAI ROAD"
61521,"TAI MONG TSAI ROAD"
61522,"TAI MONG TSAI ROAD"
61700,"TAI MONG TSAI ROAD"
61861,"TAI MONG TSAI ROAD"
61874,"TAI MONG TSAI ROAD"
62208,"TAI MONG TSAI ROAD"
62213,"TAI MONG TSAI ROAD"
62384,"TAI MONG TSAI ROAD"
62724,"TAI MONG TSAI ROAD"
62896,"TAI MONG TSAI ROAD"
63055,"TAI MONG TSAI ROAD"
109011,"TAI MONG TSAI ROAD"
275908,"TAI MONG TSAI ROAD"
275911,"TAI MONG TSAI ROAD"
275912,"TAI MONG TSAI ROAD"
275917,"TAI MONG TSAI ROAD"
275924,"TAI MONG TSAI ROAD"
275927,"TAI MONG TSAI ROAD"
275964,"TAI MONG TSAI ROAD"
275966,"TAI MONG TSAI ROAD"
275967,"TAI MONG TSAI ROAD"
7388,"TAI PO ROAD"
9651,"TAI PO ROAD"
106669,"TAI PO ROAD"
106671,"TAI PO ROAD"
106679,"TAI PO ROAD"
106702,"TAI PO ROAD"
106703,"TAI PO ROAD"
106861,"TAI PO ROAD"
107132,"TAI PO ROAD"
107133,"TAI PO ROAD"
61212,"TAI PO ROAD - MA LIU SHUI"
61449,"TAI PO ROAD - MA LIU SHUI"
61807,"TAI PO ROAD - MA LIU SHUI"
62169,"TAI PO ROAD - MA LIU SHUI"
62650,"TAI PO ROAD - MA LIU SHUI"
62809,"TAI PO ROAD - MA LIU SHUI"
62823,"TAI PO ROAD - MA LIU SHUI"
62842,"TAI PO ROAD - MA LIU SHUI"
64138,"TAI PO ROAD - MA LIU SHUI"
64139,"TAI PO ROAD - MA LIU SHUI"
64140,"TAI PO ROAD - MA LIU SHUI"
64141,"TAI PO ROAD - MA LIU SHUI"
64142,"TAI PO ROAD - MA LIU SHUI"
278750,"TAI PO ROAD - MA LIU SHUI"
278804,"TAI PO ROAD - MA LIU SHUI"
7374,"TAI PO ROAD - PIPER'S HILL"
7690,"TAI PO ROAD - PIPER'S HILL"
106678,"TAI PO ROAD - PIPER'S HILL"
276296,"TAI PO ROAD - PIPER'S HILL"
276297,"TAI PO ROAD - PIPER'S HILL"
276303,"TAI PO ROAD - PIPER'S HILL"
61272,"TAI PO ROAD - SHA TIN"
61496,"TAI PO ROAD - SHA TIN"
62204,"TAI PO ROAD - SHA TIN"
62299,"TAI PO ROAD - SHA TIN"
62805,"TAI PO ROAD - SHA TIN"
57225,"TAI PO ROAD - SHA TIN HEIGHTS"
57671,"TAI PO ROAD - SHA TIN HEIGHTS"
57674,"TAI PO ROAD - SHA TIN HEIGHTS"
57675,"TAI PO ROAD - SHA TIN HEIGHTS"
57677,"TAI PO ROAD - SHA TIN HEIGHTS"
57692,"TAI PO ROAD - SHA TIN HEIGHTS"
58051,"TAI PO ROAD - SHA TIN HEIGHTS"
58125,"TAI PO ROAD - SHA TIN HEIGHTS"
58501,"TAI PO ROAD - SHA TIN HEIGHTS"
58583,"TAI PO ROAD - SHA TIN HEIGHTS"
59209,"TAI PO ROAD - SHA TIN HEIGHTS"
59446,"TAI PO ROAD - SHA TIN HEIGHTS"
60716,"TAI PO ROAD - SHA TIN HEIGHTS"
62446,"TAI PO ROAD - SHA TIN HEIGHTS"
63691,"TAI PO ROAD - SHA TIN HEIGHTS"
63693,"TAI PO ROAD - SHA TIN HEIGHTS"
64682,"TAI PO ROAD - SHA TIN HEIGHTS"
64684,"TAI PO ROAD - SHA TIN HEIGHTS"
64686,"TAI PO ROAD - SHA TIN HEIGHTS"
64893,"TAI PO ROAD - SHA TIN HEIGHTS"
64894,"TAI PO ROAD - SHA TIN HEIGHTS"
65255,"TAI PO ROAD - SHA TIN HEIGHTS"
106677,"TAI PO ROAD - SHA TIN HEIGHTS"
141386,"TAI PO ROAD - SHA TIN HEIGHTS"
141387,"TAI PO ROAD - SHA TIN HEIGHTS"
141388,"TAI PO ROAD - SHA TIN HEIGHTS"
141389,"TAI PO ROAD - SHA TIN HEIGHTS"
141391,"TAI PO ROAD - SHA TIN HEIGHTS"
143002,"TAI PO ROAD - SHA TIN HEIGHTS"
143007,"TAI PO ROAD - SHA TIN HEIGHTS"
143008,"TAI PO ROAD - SHA TIN HEIGHTS"
143009,"TAI PO ROAD - SHA TIN HEIGHTS"
143611,"TAI PO ROAD - SHA TIN HEIGHTS"
272890,"TAI PO ROAD - SHA TIN HEIGHTS"
276294,"TAI PO ROAD - SHA TIN HEIGHTS"
276323,"TAI PO ROAD - SHA TIN HEIGHTS"
276325,"TAI PO ROAD - SHA TIN HEIGHTS"
57472,"TAI PO ROAD - TAI PO KAU"
57984,"TAI PO ROAD - TAI PO KAU"
58315,"TAI PO ROAD - TAI PO KAU"
58327,"TAI PO ROAD - TAI PO KAU"
58952,"TAI PO ROAD - TAI PO KAU"
59304,"TAI PO ROAD - TAI PO KAU"
60135,"TAI PO ROAD - TAI PO KAU"
60157,"TAI PO ROAD - TAI PO KAU"
60419,"TAI PO ROAD - TAI PO KAU"
60422,"TAI PO ROAD - TAI PO KAU"
60720,"TAI PO ROAD - TAI PO KAU"
60730,"TAI PO ROAD - TAI PO KAU"
60763,"TAI PO ROAD - TAI PO KAU"
61968,"TAI PO ROAD - TAI PO KAU"
62067,"TAI PO ROAD - TAI PO KAU"
62083,"TAI PO ROAD - TAI PO KAU"
62127,"TAI PO ROAD - TAI PO KAU"
62462,"TAI PO ROAD - TAI PO KAU"
265465,"TAI PO ROAD - TAI PO KAU"
265466,"TAI PO ROAD - TAI PO KAU"
265468,"TAI PO ROAD - TAI PO KAU"
271845,"TAI PO ROAD - TAI PO KAU"
271896,"TAI PO ROAD - TAI PO KAU"
272027,"TAI PO ROAD - TAI PO KAU"
272245,"TAI PO ROAD - TAI PO KAU"
278666,"TAI PO ROAD - TAI PO KAU"
278684,"TAI PO ROAD - TAI PO KAU"
278686,"TAI PO ROAD - TAI PO KAU"
278688,"TAI PO ROAD - TAI PO KAU"
278703,"TAI PO ROAD - TAI PO KAU"
278705,"TAI PO ROAD - TAI PO KAU"
278707,"TAI PO ROAD - TAI PO KAU"
278709,"TAI PO ROAD - TAI PO KAU"
278724,"TAI PO ROAD - TAI PO KAU"
278726,"TAI PO ROAD - TAI PO KAU"
278727,"TAI PO ROAD - TAI PO KAU"
278728,"TAI PO ROAD - TAI PO KAU"
278732,"TAI PO ROAD - TAI PO KAU"
278733,"TAI PO ROAD - TAI PO KAU"
278735,"TAI PO ROAD - TAI PO KAU"
278737,"TAI PO ROAD - TAI PO KAU"
278744,"TAI PO ROAD - TAI PO KAU"
278745,"TAI PO ROAD - TAI PO KAU"
278746,"TAI PO ROAD - TAI PO KAU"
56961,"TAI PO ROAD - YUEN CHAU TSAI"
57024,"TAI PO ROAD - YUEN CHAU TSAI"
57117,"TAI PO ROAD - YUEN CHAU TSAI"
57493,"TAI PO ROAD - YUEN CHAU TSAI"
57550,"TAI PO ROAD - YUEN CHAU TSAI"
57592,"TAI PO ROAD - YUEN CHAU TSAI"
57912,"TAI PO ROAD - YUEN CHAU TSAI"
58292,"TAI PO ROAD - YUEN CHAU TSAI"
58335,"TAI PO ROAD - YUEN CHAU TSAI"
58814,"TAI PO ROAD - YUEN CHAU TSAI"
59244,"TAI PO ROAD - YUEN CHAU TSAI"
59267,"TAI PO ROAD - YUEN CHAU TSAI"
59437,"TAI PO ROAD - YUEN CHAU TSAI"
59855,"TAI PO ROAD - YUEN CHAU TSAI"
59871,"TAI PO ROAD - YUEN CHAU TSAI"
60175,"TAI PO ROAD - YUEN CHAU TSAI"
278664,"TAI PO ROAD - YUEN CHAU TSAI"
278923,"TAI PO ROAD - YUEN CHAU TSAI"
57415,"TAI PO TAI WO ROAD"
57580,"TAI PO TAI WO ROAD"
58780,"TAI PO TAI WO ROAD"
58796,"TAI PO TAI WO ROAD"
59278,"TAI PO TAI WO ROAD"
59349,"TAI PO TAI WO ROAD"
59411,"TAI PO TAI WO ROAD"
59707,"TAI PO TAI WO ROAD"
59709,"TAI PO TAI WO ROAD"
59794,"TAI PO TAI WO ROAD"
59808,"TAI PO TAI WO ROAD"
60479,"TATE'S CAIRN HIGHWAY"
60978,"TATE'S CAIRN HIGHWAY"
60989,"TATE'S CAIRN HIGHWAY"
61586,"TATE'S CAIRN HIGHWAY"
62349,"TATE'S CAIRN HIGHWAY"
62371,"TATE'S CAIRN HIGHWAY"
63021,"TATE'S CAIRN HIGHWAY"
63047,"TATE'S CAIRN HIGHWAY"
94466,"TIN YING ROAD"
94469,"TIN YING ROAD"
95042,"TIN YING ROAD"
95043,"TIN YING ROAD"
95044,"TIN YING ROAD"
95045,"TIN YING ROAD"
96554,"TIN YING ROAD"
97232,"TIN YING ROAD"
97233,"TIN YING ROAD"
56993,"TING KOK ROAD"
57011,"TING KOK ROAD"
57067,"TING KOK ROAD"
57430,"TING KOK ROAD"
57486,"TING KOK ROAD"
57519,"TING KOK ROAD"
57537,"TING KOK ROAD"
57920,"TING KOK ROAD"
57924,"TING KOK ROAD"
57990,"TING KOK ROAD"
58304,"TING KOK ROAD"
58342,"TING KOK ROAD"
58459,"TING KOK ROAD"
58830,"TING KOK ROAD"
58833,"TING KOK ROAD"
58919,"TING KOK ROAD"
59311,"TING KOK ROAD"
59325,"TING KOK ROAD"
59470,"TING KOK ROAD"
59777,"TING KOK ROAD"
59792,"TING KOK ROAD"
60200,"TING KOK ROAD"
60219,"TING KOK ROAD"
60280,"TING KOK ROAD"
60292,"TING KOK ROAD"
60511,"TING KOK ROAD"
60819,"TING KOK ROAD"
61227,"TING KOK ROAD"
61509,"TING KOK ROAD"
61958,"TING KOK ROAD"
62301,"TING KOK ROAD"
62966,"TING KOK ROAD"
164058,"TING KOK ROAD"
164059,"TING KOK ROAD"
164060,"TING KOK ROAD"
164061,"TING KOK ROAD"
164062,"TING KOK ROAD"
164063,"TING KOK ROAD"
164064,"TING KOK ROAD"
164065,"TING KOK ROAD"
260047,"TING KOK ROAD"
59734,"TOLO HIGHWAY"
59766,"TOLO HIGHWAY"
60177,"TOLO HIGHWAY"
100658,"TONG MING STREET"
100659,"TONG MING STREET"
100661,"TONG MING STREET"
100693,"TONG MING STREET"
100694,"TONG MING STREET"
100695,"TONG MING STREET"
100701,"TONG MING STREET"
100702,"TONG MING STREET"
101728,"TONG MING STREET"
101729,"TONG MING STREET"
101836,"TONG MING STREET"
101840,"TONG MING STREET"
95973,"TONG YAN SAN TSUEN INTERCHANGE"
96259,"TONG YAN SAN TSUEN INTERCHANGE"
96264,"TONG YAN SAN TSUEN INTERCHANGE"
96749,"TONG YAN SAN TSUEN INTERCHANGE"
96751,"TONG YAN SAN TSUEN INTERCHANGE"
97155,"TONG YAN SAN TSUEN INTERCHANGE"
97156,"TONG YAN SAN TSUEN INTERCHANGE"
97257,"TONG YAN SAN TSUEN INTERCHANGE"
110855,"TONG YAN SAN TSUEN INTERCHANGE"
110856,"TONG YAN SAN TSUEN INTERCHANGE"
277033,"TSEUNG KWAN O - ROAD P2"
278083,"TSEUNG KWAN O - ROAD P2"
278084,"TSEUNG KWAN O - ROAD P2"
278087,"TSEUNG KWAN O - ROAD P2"
278104,"TSEUNG KWAN O - ROAD P2"
278107,"TSEUNG KWAN O - ROAD P2"
278108,"TSEUNG KWAN O - ROAD P2"
278109,"TSEUNG KWAN O - ROAD P2"
278110,"TSEUNG KWAN O - ROAD P2"
278111,"TSEUNG KWAN O - ROAD P2"
278225,"TSEUNG KWAN O - ROAD P2"
101736,"TSEUNG KWAN O TUNNEL ROAD"
101758,"TSEUNG KWAN O TUNNEL ROAD"
101981,"TSEUNG KWAN O TUNNEL ROAD"
109505,"TSEUNG KWAN O TUNNEL ROAD"
111958,"TSEUNG KWAN O TUNNEL ROAD"
265802,"TSEUNG KWAN O TUNNEL ROAD"
8113,"TSING KWAI HIGHWAY"
9453,"TSING KWAI HIGHWAY"
9755,"TSING KWAI HIGHWAY"
9777,"TSING KWAI HIGHWAY"
93850,"TSING LONG HIGHWAY"
96610,"TSING LONG HIGHWAY"
96616,"TSING LONG HIGHWAY"
96617,"TSING LONG HIGHWAY"
96882,"TSING LONG HIGHWAY"
97293,"TSING LONG HIGHWAY"
109129,"TSING LONG HIGHWAY"
112018,"TSING SHA HIGHWAY"
112072,"TSING SHA HIGHWAY"
143006,"TSING SHA HIGHWAY"
143612,"TSING SHA HIGHWAY"
145514,"TSING SHA HIGHWAY"
95294,"TSING TIN ROAD"
95318,"TSING TIN ROAD"
95319,"TSING TIN ROAD"
95320,"TSING TIN ROAD"
95321,"TSING TIN ROAD"
95322,"TSING TIN ROAD"
96681,"TSING TIN ROAD"
96682,"TSING TIN ROAD"
96708,"TSING TIN ROAD"
96712,"TSING TIN ROAD"
97027,"TSING TIN ROAD"
97030,"TSING TIN ROAD"
7796,"TSUEN WAN ROAD"
279283,"TSUEN WAN ROAD"
266983,"TUEN MUN CHEK LAP KOK TUNNEL ROAD"
266986,"TUEN MUN CHEK LAP KOK TUNNEL ROAD"
267005,"TUEN MUN CHEK LAP KOK TUNNEL ROAD"
267006,"TUEN MUN CHEK LAP KOK TUNNEL ROAD"
267007,"TUEN MUN CHEK LAP KOK TUNNEL ROAD"
267008,"TUEN MUN CHEK LAP KOK TUNNEL ROAD"
267009,"TUEN MUN CHEK LAP KOK TUNNEL ROAD"
267123,"TUEN MUN CHEK LAP KOK TUNNEL ROAD"
267124,"TUEN MUN CHEK LAP KOK TUNNEL ROAD"
267132,"TUEN MUN CHEK LAP KOK TUNNEL ROAD"
267133,"TUEN MUN CHEK LAP KOK TUNNEL ROAD"
267140,"TUEN MUN CHEK LAP KOK TUNNEL ROAD"
267183,"TUEN MUN CHEK LAP KOK TUNNEL ROAD"
267184,"TUEN MUN CHEK LAP KOK TUNNEL ROAD"
267186,"TUEN MUN CHEK LAP KOK TUNNEL ROAD"
267187,"TUEN MUN CHEK LAP KOK TUNNEL ROAD"
267188,"TUEN MUN CHEK LAP KOK TUNNEL ROAD"
267189,"TUEN MUN CHEK LAP KOK TUNNEL ROAD"
267192,"TUEN MUN CHEK LAP KOK TUNNEL ROAD"
267200,"TUEN MUN CHEK LAP KOK TUNNEL ROAD"
267201,"TUEN MUN CHEK LAP KOK TUNNEL ROAD"
267202,"TUEN MUN CHEK LAP KOK TUNNEL ROAD"
267203,"TUEN MUN CHEK LAP KOK TUNNEL ROAD"
267204,"TUEN MUN CHEK LAP KOK TUNNEL ROAD"
267206,"TUEN MUN CHEK LAP KOK TUNNEL ROAD"
267207,"TUEN MUN CHEK LAP KOK TUNNEL ROAD"
267266,"TUEN MUN CHEK LAP KOK TUNNEL ROAD"
267267,"TUEN MUN CHEK LAP KOK TUNNEL ROAD"
267268,"TUEN MUN CHEK LAP KOK TUNNEL ROAD"
267271,"TUEN MUN CHEK LAP KOK TUNNEL ROAD"
267273,"TUEN MUN CHEK LAP KOK TUNNEL ROAD"
267274,"TUEN MUN CHEK LAP KOK TUNNEL ROAD"
267275,"TUEN MUN CHEK LAP KOK TUNNEL ROAD"
267283,"TUEN MUN CHEK LAP KOK TUNNEL ROAD"
267284,"TUEN MUN CHEK LAP KOK TUNNEL ROAD"
267285,"TUEN MUN CHEK LAP KOK TUNNEL ROAD"
267286,"TUEN MUN CHEK LAP KOK TUNNEL ROAD"
267304,"TUEN MUN CHEK LAP KOK TUNNEL ROAD"
267305,"TUEN MUN CHEK LAP KOK TUNNEL ROAD"
95355,"TUEN MUN ROAD"
261079,"TUNG WING ROAD"
261090,"TUNG WING ROAD"
261092,"TUNG WING ROAD"
276484,"TUNG WING ROAD"
1415,"UNNAMED ROAD"
1817,"UNNAMED ROAD"
2176,"UNNAMED ROAD"
2486,"UNNAMED ROAD"
3910,"UNNAMED ROAD"
4694,"UNNAMED ROAD"
4697,"UNNAMED ROAD"
4723,"UNNAMED ROAD"
5480,"UNNAMED ROAD"
58097,"UNNAMED ROAD"
62850,"UNNAMED ROAD"
93545,"UNNAMED ROAD"
163680,"UNNAMED ROAD"
163684,"UNNAMED ROAD"
163686,"UNNAMED ROAD"
163687,"UNNAMED ROAD"
163689,"UNNAMED ROAD"
163888,"UNNAMED ROAD"
163889,"UNNAMED ROAD"
261080,"UNNAMED ROAD"
261081,"UNNAMED ROAD"
261804,"UNNAMED ROAD"
261820,"UNNAMED ROAD"
261821,"UNNAMED ROAD"
261822,"UNNAMED ROAD"
261824,"UNNAMED ROAD"
261825,"UNNAMED ROAD"
261827,"UNNAMED ROAD"
261836,"UNNAMED ROAD"
262803,"UNNAMED ROAD"
263123,"UNNAMED ROAD"
275216,"UNNAMED ROAD"
275218,"UNNAMED ROAD"
276171,"UNNAMED ROAD"
276183,"UNNAMED ROAD"
276194,"UNNAMED ROAD"
71,"VICTORIA PARK ROAD"
485,"VICTORIA PARK ROAD"
800,"VICTORIA PARK ROAD"
1243,"VICTORIA PARK ROAD"
1696,"VICTORIA PARK ROAD"
2104,"VICTORIA PARK ROAD"
2148,"VICTORIA PARK ROAD"
3098,"VICTORIA PARK ROAD"
4589,"VICTORIA PARK ROAD"
5417,"VICTORIA PARK ROAD"
5419,"VICTORIA PARK ROAD"
125047,"VICTORIA PARK ROAD"
125049,"VICTORIA PARK ROAD"
125050,"VICTORIA PARK ROAD"
127917,"VICTORIA PARK ROAD"
163847,"VICTORIA PARK ROAD"
163848,"VICTORIA PARK ROAD"
260055,"VICTORIA PARK ROAD"
260056,"VICTORIA PARK ROAD"
261668,"VICTORIA PARK ROAD"
263343,"VICTORIA PARK ROAD"
60834,"WAI MAN ROAD"
1056,"WAN CHAI INTERCHANGE"
1299,"WAN CHAI INTERCHANGE"
1385,"WAN CHAI INTERCHANGE"
1642,"WAN CHAI INTERCHANGE"
1885,"WAN CHAI INTERCHANGE"
2807,"WAN CHAI INTERCHANGE"
3088,"WAN CHAI INTERCHANGE"
4169,"WAN CHAI INTERCHANGE"
4737,"WAN CHAI INTERCHANGE"
5117,"WAN CHAI INTERCHANGE"
5138,"WAN CHAI INTERCHANGE"
5377,"WAN CHAI INTERCHANGE"
5647,"WAN CHAI INTERCHANGE"
63722,"WAN CHAI INTERCHANGE"
63804,"WAN CHAI INTERCHANGE"
63805,"WAN CHAI INTERCHANGE"
65371,"WAN CHAI INTERCHANGE"
65373,"WAN CHAI INTERCHANGE"
163781,"WAN CHAI INTERCHANGE"
101002,"WAN PO ROAD"
101003,"WAN PO ROAD"
101005,"WAN PO ROAD"
101006,"WAN PO ROAD"
101008,"WAN PO ROAD"
101009,"WAN PO ROAD"
101848,"WAN PO ROAD"
101874,"WAN PO ROAD"
101875,"WAN PO ROAD"
103094,"WANG CHIU ROAD"
103095,"WANG CHIU ROAD"
103162,"WANG CHIU ROAD"
103097,"WANG KWONG ROAD"
103149,"WANG KWONG ROAD"
103183,"WANG KWONG ROAD"
103184,"WANG KWONG ROAD"
104779,"WATERLOO ROAD"
104803,"WATERLOO ROAD"
104813,"WATERLOO ROAD"
104815,"WATERLOO ROAD"
104820,"WATERLOO ROAD"
104827,"WATERLOO ROAD"
104828,"WATERLOO ROAD"
104839,"WATERLOO ROAD"
104840,"WATERLOO ROAD"
104849,"WATERLOO ROAD"
104851,"WATERLOO ROAD"
104856,"WATERLOO ROAD"
104862,"WATERLOO ROAD"
104863,"WATERLOO ROAD"
104885,"WATERLOO ROAD"
104887,"WATERLOO ROAD"
104968,"WATERLOO ROAD"
105195,"WATERLOO ROAD"
105203,"WATERLOO ROAD"
105554,"WATERLOO ROAD"
105555,"WATERLOO ROAD"
105556,"WATERLOO ROAD"
105557,"WATERLOO ROAD"
105581,"WATERLOO ROAD"
105582,"WATERLOO ROAD"
105583,"WATERLOO ROAD"
105584,"WATERLOO ROAD"
105585,"WATERLOO ROAD"
106889,"WATERLOO ROAD"
106893,"WATERLOO ROAD"
106907,"WATERLOO ROAD"
106909,"WATERLOO ROAD"
107240,"WATERLOO ROAD"
107284,"WATERLOO ROAD"
107286,"WATERLOO ROAD"
107287,"WATERLOO ROAD"
107289,"WATERLOO ROAD"
107306,"WATERLOO ROAD"
107307,"WATERLOO ROAD"
107886,"WATERLOO ROAD"
108031,"WATERLOO ROAD"
108084,"WATERLOO ROAD"
108085,"WATERLOO ROAD"
108090,"WATERLOO ROAD"
108091,"WATERLOO ROAD"
111916,"WATERLOO ROAD"
111917,"WATERLOO ROAD"
163825,"WATERLOO ROAD"
272731,"WATERLOO ROAD"
272732,"WATERLOO ROAD"
272763,"WATERLOO ROAD"
272764,"WATERLOO ROAD"
272883,"WATERLOO ROAD"
273324,"WATERLOO ROAD"
105600,"WEST KOWLOON HIGHWAY"
105644,"WEST KOWLOON HIGHWAY"
105965,"WEST KOWLOON HIGHWAY"
105967,"WEST KOWLOON HIGHWAY"
107174,"WEST KOWLOON HIGHWAY"
94345,"WONG CHU ROAD"
95331,"WONG CHU ROAD"
95334,"WONG CHU ROAD"
95335,"WONG CHU ROAD"
96649,"WONG CHU ROAD"
96650,"WONG CHU ROAD"
96651,"WONG CHU ROAD"
96652,"WONG CHU ROAD"
96653,"WONG CHU ROAD"
97103,"WONG CHU ROAD"
97104,"WONG CHU ROAD"
97105,"WONG CHU ROAD"
97107,"WONG CHU ROAD"
97108,"WONG CHU ROAD"
1014,"WONG CHUK HANG ROAD"
1591,"WONG CHUK HANG ROAD"
1848,"WONG CHUK HANG ROAD"
2076,"WONG CHUK HANG ROAD"
2270,"WONG CHUK HANG ROAD"
2650,"WONG CHUK HANG ROAD"
3575,"WONG CHUK HANG ROAD"
3873,"WONG CHUK HANG ROAD"
4368,"WONG CHUK HANG ROAD"
4678,"WONG CHUK HANG ROAD"
4679,"WONG CHUK HANG ROAD"
4681,"WONG CHUK HANG ROAD"
4684,"WONG CHUK HANG ROAD"
4689,"WONG CHUK HANG ROAD"
4690,"WONG CHUK HANG ROAD"
63962,"WONG CHUK HANG ROAD"
63963,"WONG CHUK HANG ROAD"
260388,"WONG CHUK HANG ROAD"
260618,"WONG CHUK HANG ROAD"
260639,"WONG CHUK HANG ROAD"
260641,"WONG CHUK HANG ROAD"
260642,"WONG CHUK HANG ROAD"
260643,"WONG CHUK HANG ROAD"
264263,"WONG CHUK HANG ROAD"
269486,"WONG CHUK HANG ROAD"
275965,"WONG CHUK HANG ROAD"
275973,"WONG CHUK HANG ROAD"
276704,"WONG CHUK HANG ROAD"
276705,"WONG CHUK HANG ROAD"
1062,"WONG NAI CHUNG GAP FLYOVER"
5124,"WONG NAI CHUNG GAP FLYOVER"
5216,"WONG NAI CHUNG GAP FLYOVER"
5368,"WONG NAI CHUNG GAP FLYOVER"
397,"WONG NAI CHUNG GAP ROAD"
475,"WONG NAI CHUNG GAP ROAD"
642,"WONG NAI CHUNG GAP ROAD"
678,"WONG NAI CHUNG GAP ROAD"
1064,"WONG NAI CHUNG GAP ROAD"
1618,"WONG NAI CHUNG GAP ROAD"
1984,"WONG NAI CHUNG GAP ROAD"
2200,"WONG NAI CHUNG GAP ROAD"
2392,"WONG NAI CHUNG GAP ROAD"
2590,"WONG NAI CHUNG GAP ROAD"
2670,"WONG NAI CHUNG GAP ROAD"
2713,"WONG NAI CHUNG GAP ROAD"
3546,"WONG NAI CHUNG GAP ROAD"
4696,"WONG NAI CHUNG GAP ROAD"
4770,"WONG NAI CHUNG GAP ROAD"
4776,"WONG NAI CHUNG GAP ROAD"
4838,"WONG NAI CHUNG GAP ROAD"
5528,"WONG NAI CHUNG GAP ROAD"
5565,"WONG NAI CHUNG GAP ROAD"
5643,"WONG NAI CHUNG GAP ROAD"
5654,"WONG NAI CHUNG GAP ROAD"
272523,"WONG NAI CHUNG GAP ROAD"
275803,"WONG NAI CHUNG GAP ROAD"
275804,"WONG NAI CHUNG GAP ROAD"
275805,"WONG NAI CHUNG GAP ROAD"
275808,"WONG NAI CHUNG GAP ROAD"
276064,"WONG NAI CHUNG GAP ROAD"
2234,"WONG NAI CHUNG ROAD"
2589,"WONG NAI CHUNG ROAD"
3447,"WONG NAI CHUNG ROAD"
4982,"WONG NAI CHUNG ROAD"
5649,"WONG NAI CHUNG ROAD"
105520,"YAN CHEUNG ROAD"
105540,"YAN CHEUNG ROAD"
260673,"YAN CHEUNG ROAD"
95841,"YUEN LONG HIGHWAY"
149674,"YUEN LONG HIGHWAY"
260853,"YUEN LONG HIGHWAY"
57026,"YUEN SHIN ROAD"
57553,"YUEN SHIN ROAD"
57593,"YUEN SHIN ROAD"
57941,"YUEN SHIN ROAD"
58040,"YUEN SHIN ROAD"
58362,"YUEN SHIN ROAD"
58412,"YUEN SHIN ROAD"
58418,"YUEN SHIN ROAD"
58766,"YUEN SHIN ROAD"
58839,"YUEN SHIN ROAD"
58840,"YUEN SHIN ROAD"
58896,"YUEN SHIN ROAD"
59241,"YUEN SHIN ROAD"
59323,"YUEN SHIN ROAD"
59793,"YUEN SHIN ROAD"
59820,"YUEN SHIN ROAD"
59842,"YUEN SHIN ROAD"
60143,"YUEN SHIN ROAD"
60233,"YUEN SHIN ROAD"
61346,"YUEN SHIN ROAD"
61378,"YUEN SHIN ROAD"
61740,"YUEN SHIN ROAD"
63080,"YUEN SHIN ROAD"
263862,"YUEN SHIN ROAD"
263865,"YUEN SHIN ROAD"
